ts_unix_ms,open,high,low,close,volume
1704067200000,1.1,1.1,1.0997,1.1,100
1704067500000,1.1,1.10012,1.0997,1.10006,101
1704067800000,1.10006,1.10029,1.09976,1.10017,102
1704068100000,1.10017,1.1005,1.09988,1.10033,103
1704068400000,1.10033,1.10076,1.10005,1.10054,104
1704068700000,1.10054,1.10104,1.10027,1.10079,105
1704069000000,1.10079,1.10134,1.10053,1.10106,106
1704069300000,1.10106,1.10165,1.10082,1.10135,107
1704069600000,1.10135,1.10195,1.10113,1.10165,108
1704069900000,1.10165,1.10225,1.10145,1.10195,109
1704070200000,1.10195,1.10252,1.10177,1.10224,110
1704070500000,1.10224,1.10276,1.10208,1.10251,111
1704070800000,1.10251,1.10296,1.10238,1.10276,112
1704071100000,1.10276,1.10313,1.10264,1.10297,113
1704071400000,1.10297,1.10325,1.10288,1.10315,114
1704071700000,1.10315,1.10334,1.10309,1.1033,115
1704072000000,1.1033,1.10342,1.10326,1.1034,116
1704072300000,1.1034,1.10356,1.1034,1.10348,117
1704072600000,1.10348,1.10366,1.10346,1.10353,118
1704072900000,1.10353,1.10374,1.10348,1.10356,119
1704073200000,1.10356,1.1038,1.10348,1.10357,120
1704073500000,1.10357,1.10384,1.10347,1.10358,121
1704073800000,1.10358,1.10387,1.10345,1.10359,122
1704074100000,1.10359,1.10391,1.10344,1.10361,123
1704074400000,1.10361,1.10395,1.10344,1.10365,124
1704074700000,1.10365,1.10401,1.10346,1.10372,125
1704075000000,1.10372,1.10409,1.10351,1.10382,126
1704075300000,1.10382,1.10419,1.10359,1.10396,127
1704075600000,1.10396,1.10433,1.10371,1.10414,128
1704075900000,1.10414,1.1045,1.10388,1.10436,129
1704076200000,1.10436,1.1047,1.10409,1.10462,130
1704076500000,1.10462,1.10494,1.10434,1.10491,131
1704076800000,1.10491,1.10527,1.10462,1.10524,132
1704077100000,1.10524,1.10567,1.10494,1.10558,133
1704077400000,1.10558,1.10609,1.10528,1.10594,134
1704077700000,1.10594,1.1065,1.10564,1.1063,135
1704078000000,1.1063,1.10689,1.106,1.10665,136
1704078300000,1.10665,1.10726,1.10636,1.10699,137
1704078600000,1.10699,1.10759,1.1067,1.1073,138
1704078900000,1.1073,1.10788,1.10702,1.10758,139
1704079200000,1.10758,1.1081,1.10731,1.10781,140
1704079500000,1.10781,1.10827,1.10756,1.10799,141
1704079800000,1.10799,1.10837,1.10776,1.10812,142
1704080100000,1.10812,1.10841,1.1079,1.10819,143
1704080400000,1.10819,1.10838,1.108,1.10821,144
1704080700000,1.10821,1.10833,1.108,1.10817,145
1704081000000,1.10817,1.10824,1.10793,1.10808,146
1704081300000,1.10808,1.10809,1.10783,1.10795,147
1704081600000,1.10795,1.10801,1.10769,1.10779,148
1704081900000,1.10779,1.1079,1.10752,1.10759,149
1704082200000,1.10759,1.10776,1.10733,1.10738,100
1704082500000,1.10738,1.10759,1.10714,1.10716,101
1704082800000,1.10716,1.10741,1.10694,1.10694,102
1704083100000,1.10694,1.10722,1.1067,1.10673,103
1704083400000,1.10673,1.10703,1.10649,1.10654,104
1704083700000,1.10654,1.10684,1.10629,1.10638,105
1704084000000,1.10638,1.10667,1.10613,1.10624,106
1704084300000,1.10624,1.10652,1.106,1.10614,107
1704084600000,1.10614,1.10639,1.10591,1.10607,108
1704084900000,1.10607,1.10628,1.10585,1.10603,109
1704085200000,1.10603,1.10619,1.10582,1.10602,110
1704085500000,1.10602,1.10614,1.1058,1.10604,111
1704085800000,1.10604,1.10612,1.1058,1.10607,112
1704086100000,1.10607,1.10612,1.10581,1.10611,113
1704086400000,1.10611,1.10622,1.10584,1.10615,114
1704086700000,1.10615,1.10631,1.10587,1.10619,115
1704087000000,1.10619,1.10639,1.1059,1.10621,116
1704087300000,1.10621,1.10643,1.10591,1.1062,117
1704087600000,1.1062,1.10646,1.10587,1.10617,118
1704087900000,1.10617,1.10645,1.10579,1.10609,119
1704088200000,1.10609,1.10639,1.10568,1.10598,120
1704088500000,1.10598,1.10628,1.10552,1.10582,121
1704088800000,1.10582,1.10611,1.10532,1.10561,122
1704089100000,1.10561,1.10588,1.10509,1.10537,123
1704089400000,1.10537,1.1056,1.10481,1.10508,124
1704089700000,1.10508,1.10528,1.10451,1.10477,125
1704090000000,1.10477,1.10491,1.10419,1.10443,126
1704090300000,1.10443,1.10452,1.10385,1.10407,127
1704090600000,1.10407,1.10411,1.1035,1.10371,128
1704090900000,1.10371,1.10374,1.10317,1.10335,129
1704091200000,1.10335,1.10344,1.10285,1.10301,130
1704091500000,1.10301,1.10315,1.10255,1.1027,131
1704091800000,1.1027,1.10289,1.1023,1.10241,132
1704092100000,1.10241,1.10265,1.10208,1.10217,133
1704092400000,1.10217,1.10244,1.10191,1.10198,134
1704092700000,1.10198,1.10227,1.1018,1.10183,135
1704093000000,1.10183,1.10213,1.10174,1.10175,136
1704093300000,1.10175,1.10204,1.1017,1.10171,137
1704093600000,1.10171,1.10202,1.10167,1.10173,138
1704093900000,1.10173,1.10206,1.10166,1.1018,139
1704094200000,1.1018,1.10213,1.1017,1.1019,140
1704094500000,1.1019,1.10223,1.10178,1.10205,141
1704094800000,1.10205,1.10234,1.1019,1.10221,142
1704095100000,1.10221,1.10247,1.10204,1.1024,143
1704095400000,1.1024,1.1026,1.10221,1.10259,144
1704095700000,1.10259,1.10282,1.10238,1.10278,145
1704096000000,1.10278,1.10306,1.10255,1.10296,146
1704096300000,1.10296,1.10327,1.10271,1.10312,147
1704096600000,1.10312,1.10346,1.10286,1.10325,148
1704096900000,1.10325,1.1036,1.10298,1.10336,149
1704097200000,1.10336,1.10371,1.10308,1.10344,100
1704097500000,1.10344,1.10377,1.10314,1.10348,101
1704097800000,1.10348,1.10379,1.10318,1.10349,102
1704098100000,1.10349,1.10379,1.10318,1.10348,103
1704098400000,1.10348,1.10376,1.10315,1.10345,104
1704098700000,1.10345,1.1037,1.1031,1.1034,105
1704099000000,1.1034,1.10361,1.10305,1.10335,106
1704099300000,1.10335,1.10351,1.10301,1.1033,107
1704099600000,1.1033,1.10341,1.10298,1.10326,108
1704099900000,1.10326,1.10331,1.10297,1.10324,109
1704100200000,1.10324,1.10325,1.10298,1.10325,110
1704100500000,1.10325,1.10335,1.10301,1.10329,111
1704100800000,1.10329,1.1035,1.10307,1.10338,112
1704101100000,1.10338,1.10368,1.10318,1.10351,113
1704101400000,1.10351,1.1039,1.10333,1.10369,114
1704101700000,1.10369,1.10417,1.10353,1.10391,115
1704102000000,1.10391,1.10446,1.10378,1.10418,116
1704102300000,1.10418,1.10479,1.10408,1.1045,117
1704102600000,1.1045,1.10514,1.10442,1.10484,118
1704102900000,1.10484,1.10551,1.10479,1.10522,119
1704103200000,1.10522,1.10588,1.10519,1.10561,120
1704103500000,1.10561,1.10625,1.10561,1.10601,121
1704103800000,1.10601,1.10661,1.10598,1.10641,122
1704104100000,1.10641,1.10694,1.10635,1.10679,123
1704104400000,1.10679,1.10725,1.10671,1.10715,124
1704104700000,1.10715,1.10752,1.10704,1.10748,125
1704105000000,1.10748,1.10779,1.10735,1.10777,126
1704105300000,1.10777,1.10809,1.10761,1.10801,127
1704105600000,1.10801,1.10834,1.10783,1.10821,128
1704105900000,1.10821,1.10853,1.10801,1.10835,129
1704106200000,1.10835,1.10867,1.10813,1.10844,130
1704106500000,1.10844,1.10874,1.1082,1.10848,131
1704106800000,1.10848,1.10877,1.10822,1.10847,132
1704107100000,1.10847,1.10877,1.10816,1.10843,133
1704107400000,1.10843,1.10873,1.10807,1.10835,134
1704107700000,1.10835,1.10864,1.10796,1.10825,135
1704108000000,1.10825,1.10851,1.10784,1.10813,136
1704108300000,1.10813,1.10836,1.10771,1.10801,137
1704108600000,1.10801,1.1082,1.10759,1.10789,138
1704108900000,1.10789,1.10803,1.10748,1.10778,139
1704109200000,1.10778,1.10787,1.1074,1.1077,140
1704109500000,1.1077,1.10772,1.10734,1.10763,141
1704109800000,1.10763,1.10767,1.10731,1.10759,142
1704110100000,1.10759,1.10769,1.10731,1.10759,143
1704110400000,1.10759,1.10776,1.10733,1.10761,144
1704110700000,1.10761,1.10786,1.10737,1.10766,145
1704111000000,1.10766,1.10798,1.10743,1.10774,146
1704111300000,1.10774,1.1081,1.10753,1.10783,147
1704111600000,1.10783,1.10822,1.10764,1.10793,148
1704111900000,1.10793,1.10834,1.10776,1.10804,149
1704112200000,1.10804,1.10843,1.10789,1.10814,100
1704112500000,1.10814,1.1085,1.10802,1.10822,101
1704112800000,1.10822,1.10853,1.10813,1.10828,102
1704113100000,1.10828,1.10852,1.10821,1.1083,103
1704113400000,1.1083,1.10848,1.10825,1.10829,104
1704113700000,1.10829,1.10841,1.10821,1.10822,105
1704114000000,1.10822,1.10829,1.1081,1.10811,106
1704114300000,1.10811,1.10812,1.10791,1.10795,107
1704114600000,1.10795,1.108,1.10767,1.10773,108
1704114900000,1.10773,1.10785,1.10738,1.10747,109
1704115200000,1.10747,1.10763,1.10704,1.10716,110
1704115500000,1.10716,1.10737,1.10667,1.10681,111
1704115800000,1.10681,1.10706,1.10626,1.10643,112
1704116100000,1.10643,1.10671,1.10584,1.10603,113
1704116400000,1.10603,1.10633,1.10541,1.10562,114
1704116700000,1.10562,1.10592,1.10498,1.10521,115
1704117000000,1.10521,1.1055,1.10456,1.1048,116
1704117300000,1.1048,1.10508,1.10416,1.10442,117
1704117600000,1.10442,1.10466,1.10379,1.10406,118
1704117900000,1.10406,1.10427,1.10346,1.10374,119
1704118200000,1.10374,1.1039,1.10317,1.10346,120
1704118500000,1.10346,1.10356,1.10293,1.10322,121
1704118800000,1.10322,1.10327,1.10274,1.10304,122
1704119100000,1.10304,1.10305,1.1026,1.1029,123
1704119400000,1.1029,1.10297,1.10251,1.10281,124
1704119700000,1.10281,1.10294,1.10246,1.10276,125
1704120000000,1.10276,1.10294,1.10245,1.10274,126
1704120300000,1.10274,1.10297,1.10246,1.10275,127
1704120600000,1.10275,1.10304,1.10248,1.10278,128
1704120900000,1.10278,1.10311,1.10253,1.10282,129
1704121200000,1.10282,1.10316,1.10258,1.10287,130
1704121500000,1.10287,1.1032,1.10265,1.1029,131
1704121800000,1.1029,1.10321,1.1027,1.10292,132
1704122100000,1.10292,1.10319,1.10274,1.10293,133
1704122400000,1.10293,1.10316,1.10274,1.1029,134
1704122700000,1.1029,1.10309,1.10271,1.10284,135
1704123000000,1.10284,1.10299,1.10265,1.10276,136
1704123300000,1.10276,1.10284,1.10256,1.10264,137
1704123600000,1.10264,1.10267,1.10244,1.10249,138
1704123900000,1.10249,1.10252,1.10229,1.10232,139
1704124200000,1.10232,1.10241,1.10213,1.10214,140
1704124500000,1.10214,1.10228,1.10191,1.10194,141
1704124800000,1.10194,1.10213,1.10169,1.10174,142
1704125100000,1.10174,1.10198,1.10148,1.10155,143
1704125400000,1.10155,1.10182,1.10128,1.10138,144
1704125700000,1.10138,1.10167,1.10111,1.10124,145
1704126000000,1.10124,1.10154,1.10098,1.10113,146
1704126300000,1.10113,1.10143,1.10089,1.10107,147
1704126600000,1.10107,1.10135,1.10086,1.10106,148
1704126900000,1.10106,1.10135,1.10084,1.10109,149
1704127200000,1.10109,1.10141,1.10086,1.10118,100
1704127500000,1.10118,1.10151,1.10093,1.10133,101
1704127800000,1.10133,1.10166,1.10107,1.10153,102
1704128100000,1.10153,1.10185,1.10125,1.10177,103
1704128400000,1.10177,1.10207,1.10149,1.10206,104
1704128700000,1.10206,1.10243,1.10177,1.10238,105
1704129000000,1.10238,1.10283,1.10208,1.10273,106
1704129300000,1.10273,1.10324,1.10243,1.10308,107
1704129600000,1.10308,1.10365,1.10278,1.10345,108
1704129900000,1.10345,1.10405,1.10315,1.1038,109
1704130200000,1.1038,1.10442,1.10351,1.10414,110
1704130500000,1.10414,1.10475,1.10386,1.10446,111
1704130800000,1.10446,1.10504,1.10418,1.10474,112
1704131100000,1.10474,1.10528,1.10448,1.10498,113
1704131400000,1.10498,1.10546,1.10473,1.10518,114
1704131700000,1.10518,1.10559,1.10495,1.10534,115
1704132000000,1.10534,1.10567,1.10513,1.10546,116
1704132300000,1.10546,1.1057,1.10527,1.10553,117
1704132600000,1.10553,1.10568,1.10536,1.10557,118
1704132900000,1.10557,1.10563,1.10542,1.10558,119
1704133200000,1.10558,1.10558,1.10544,1.10556,120
1704133500000,1.10556,1.10563,1.10543,1.10553,121
1704133800000,1.10553,1.10565,1.10542,1.10549,122
1704134100000,1.10549,1.10567,1.10541,1.10546,123
1704134400000,1.10546,1.10568,1.10542,1.10544,124
1704134700000,1.10544,1.10569,1.10542,1.10543,125
1704135000000,1.10543,1.10573,1.10539,1.10545,126
1704135300000,1.10545,1.1058,1.10539,1.1055,127
1704135600000,1.1055,1.10588,1.10541,1.10558,128
1704135900000,1.10558,1.10599,1.10547,1.1057,129
1704136200000,1.1057,1.10612,1.10556,1.10585,130
1704136500000,1.10585,1.10627,1.10569,1.10603,131
1704136800000,1.10603,1.10643,1.10584,1.10623,132
1704137100000,1.10623,1.1066,1.10602,1.10645,133
1704137400000,1.10645,1.10678,1.10623,1.10668,134
1704137700000,1.10668,1.10695,1.10644,1.10691,135
1704138000000,1.10691,1.10716,1.10666,1.10714,136
1704138300000,1.10714,1.10742,1.10686,1.10734,137
1704138600000,1.10734,1.10765,1.10706,1.10751,138
1704138900000,1.10751,1.10784,1.10722,1.10765,139
1704139200000,1.10765,1.10798,1.10736,1.10775,140
1704139500000,1.10775,1.10805,1.10745,1.10779,141
1704139800000,1.10779,1.10808,1.10748,1.10778,142
1704140100000,1.10778,1.10808,1.10741,1.10771,143
1704140400000,1.10771,1.10801,1.1073,1.10759,144
1704140700000,1.10759,1.10788,1.10713,1.10742,145
1704141000000,1.10742,1.10768,1.10692,1.10719,146
1704141300000,1.10719,1.10742,1.10666,1.10693,147
1704141600000,1.10693,1.10711,1.10637,1.10663,148
1704141900000,1.10663,1.10676,1.10606,1.1063,149
1704142200000,1.1063,1.10638,1.10574,1.10596,100
1704142500000,1.10596,1.10598,1.10541,1.10562,101
1704142800000,1.10562,1.10566,1.10509,1.10528,102
1704143100000,1.10528,1.10538,1.10479,1.10495,103
1704143400000,1.10495,1.1051,1.10451,1.10465,104
1704143700000,1.10465,1.10485,1.10426,1.10437,105
1704144000000,1.10437,1.10461,1.10405,1.10413,106
1704144300000,1.10413,1.10441,1.10388,1.10394,107
1704144600000,1.10394,1.10423,1.10374,1.10378,108
1704144900000,1.10378,1.10408,1.10365,1.10366,109
1704145200000,1.10366,1.10395,1.10355,1.10358,110
1704145500000,1.10358,1.10386,1.10348,1.10353,111
1704145800000,1.10353,1.10378,1.10343,1.1035,112
1704146100000,1.1035,1.10372,1.1034,1.1035,113
1704146400000,1.1035,1.10368,1.10337,1.10351,114
1704146700000,1.10351,1.10363,1.10336,1.10352,115
1704147000000,1.10352,1.10358,1.10334,1.10352,116
1704147300000,1.10352,1.10352,1.10331,1.10351,117
1704147600000,1.10351,1.10356,1.10326,1.10347,118
1704147900000,1.10347,1.10359,1.10317,1.10341,119
1704148200000,1.10341,1.10358,1.10306,1.10331,120
1704148500000,1.10331,1.10353,1.10292,1.10318,121
1704148800000,1.10318,1.10343,1.10274,1.10301,122
1704149100000,1.10301,1.10329,1.10253,1.10281,123
1704149400000,1.10281,1.10311,1.10229,1.10258,124
1704149700000,1.10258,1.10288,1.10203,1.10233,125
1704150000000,1.10233,1.10262,1.10175,1.10205,126
1704150300000,1.10205,1.10232,1.10147,1.10177,127
1704150600000,1.10177,1.10201,1.10119,1.10148,128
1704150900000,1.10148,1.10169,1.10092,1.10121,129
1704151200000,1.10121,1.10136,1.10067,1.10095,130
1704151500000,1.10095,1.10106,1.10045,1.10073,131
1704151800000,1.10073,1.10077,1.10028,1.10054,132
1704152100000,1.10054,1.10056,1.10015,1.1004,133
1704152400000,1.1004,1.10047,1.10007,1.10031,134
1704152700000,1.10031,1.10044,1.10006,1.10027,135
1704153000000,1.10027,1.10048,1.10008,1.10029,136
1704153300000,1.10029,1.1006,1.10012,1.10037,137
1704153600000,1.10037,1.10077,1.10022,1.10051,138
1704153900000,1.10051,1.10097,1.10038,1.10069,139
1704154200000,1.10069,1.10121,1.10059,1.10092,140
1704154500000,1.10092,1.10148,1.10084,1.10118,141
1704154800000,1.10118,1.10176,1.10113,1.10147,142
1704155100000,1.10147,1.10204,1.10145,1.10178,143
1704155400000,1.10178,1.10233,1.10177,1.10209,144
1704155700000,1.10209,1.1026,1.10206,1.10241,145
1704156000000,1.10241,1.10285,1.10234,1.10271,146
1704156300000,1.10271,1.10307,1.10262,1.10299,147
1704156600000,1.10299,1.10327,1.10287,1.10324,148
1704156900000,1.10324,1.1035,1.1031,1.10346,149
1704157200000,1.10346,1.10374,1.1033,1.10365,100
1704157500000,1.10365,1.10395,1.10347,1.1038,101
1704157800000,1.1038,1.10411,1.1036,1.10392,102
1704158100000,1.10392,1.10424,1.10369,1.104,103
1704158400000,1.104,1.10432,1.10376,1.10406,104
1704158700000,1.10406,1.10438,1.1038,1.10409,105
1704159000000,1.10409,1.10441,1.10382,1.10411,106
1704159300000,1.10411,1.10443,1.10383,1.10413,107
1704159600000,1.10413,1.10443,1.10384,1.10415,108
1704159900000,1.10415,1.10444,1.10386,1.10418,109
1704160200000,1.10418,1.10446,1.10389,1.10424,110
1704160500000,1.10424,1.1045,1.10394,1.10432,111
1704160800000,1.10432,1.10456,1.10402,1.10443,112
1704161100000,1.10443,1.10465,1.10414,1.10458,113
1704161400000,1.10458,1.10479,1.1043,1.10478,114
1704161700000,1.10478,1.10506,1.1045,1.10501,115
1704162000000,1.10501,1.10538,1.10474,1.10528,116
1704162300000,1.10528,1.10574,1.10502,1.10558,117
1704162600000,1.10558,1.10612,1.10534,1.10591,118
1704162900000,1.10591,1.10651,1.10569,1.10626,119
1704163200000,1.10626,1.1069,1.10606,1.10662,120
1704163500000,1.10662,1.10728,1.10644,1.10699,121
1704163800000,1.10699,1.10765,1.10683,1.10735,122
1704164100000,1.10735,1.10798,1.10721,1.10768,123
1704164400000,1.10768,1.10827,1.10757,1.10799,124
1704164700000,1.10799,1.10852,1.10791,1.10827,125
1704165000000,1.10827,1.10871,1.10821,1.1085,126
1704165300000,1.1085,1.10884,1.10846,1.10867,127
1704165600000,1.10867,1.10891,1.10867,1.1088,128
1704165900000,1.1088,1.10892,1.10878,1.10887,129
1704166200000,1.10887,1.10888,1.10882,1.10888,130
1704166500000,1.10888,1.10894,1.10876,1.10883,131
1704166800000,1.10883,1.10896,1.10864,1.10874,132
1704167100000,1.10874,1.10892,1.10848,1.10861,133
1704167400000,1.10861,1.10883,1.10829,1.10843,134
1704167700000,1.10843,1.10869,1.10807,1.10824,135
1704168000000,1.10824,1.10852,1.10783,1.10802,136
1704168300000,1.10802,1.10832,1.10759,1.1078,137
1704168600000,1.1078,1.1081,1.10735,1.10758,138
1704168900000,1.10758,1.10787,1.10712,1.10737,139
1704169200000,1.10737,1.10764,1.10691,1.10718,140
1704169500000,1.10718,1.10741,1.10674,1.10701,141
1704169800000,1.10701,1.10721,1.10659,1.10687,142
1704170100000,1.10687,1.10702,1.10648,1.10677,143
1704170400000,1.10677,1.10686,1.1064,1.1067,144
1704170700000,1.1067,1.10673,1.10636,1.10666,145
1704171000000,1.10666,1.10668,1.10634,1.10664,146
1704171300000,1.10664,1.10674,1.10635,1.10666,147
1704171600000,1.10666,1.10682,1.10636,1.10668,148
1704171900000,1.10668,1.10691,1.1064,1.10672,149
1704172200000,1.10672,1.10699,1.10644,1.10675,100
1704172500000,1.10675,1.10704,1.10649,1.10678,101
1704172800000,1.10678,1.10708,1.10653,1.10679,102
1704173100000,1.10679,1.10709,1.10654,1.10677,103
1704173400000,1.10677,1.10707,1.10651,1.10672,104
1704173700000,1.10672,1.10701,1.10644,1.10663,105
1704174000000,1.10663,1.10689,1.10633,1.1065,106
1704174300000,1.1065,1.10673,1.10618,1.10633,107
1704174600000,1.10633,1.10651,1.10598,1.10611,108
1704174900000,1.10611,1.10624,1.10575,1.10585,109
1704175200000,1.10585,1.10592,1.10547,1.10555,110
1704175500000,1.10555,1.10557,1.10517,1.10522,111
1704175800000,1.10522,1.10526,1.10484,1.10487,112
1704176100000,1.10487,1.10497,1.10449,1.1045,113
1704176400000,1.1045,1.10465,1.10409,1.10412,114
1704176700000,1.10412,1.10433,1.1037,1.10376,115
1704177000000,1.10376,1.104,1.10332,1.1034,116
1704177300000,1.1034,1.10368,1.10297,1.10308,117
1704177600000,1.10308,1.10337,1.10265,1.10278,118
1704177900000,1.10278,1.10308,1.10238,1.10253,119
1704178200000,1.10253,1.10283,1.10215,1.10233,120
1704178500000,1.10233,1.10261,1.10198,1.10218,121
1704178800000,1.10218,1.10244,1.10187,1.10209,122
1704179100000,1.10209,1.1023,1.10181,1.10204,123
1704179400000,1.10204,1.10222,1.10179,1.10205,124
1704179700000,1.10205,1.10223,1.10179,1.10211,125
1704180000000,1.10211,1.10227,1.10183,1.10221,126
1704180300000,1.10221,1.10234,1.10192,1.10234,127
1704180600000,1.10234,1.10255,1.10204,1.10249,128
1704180900000,1.10249,1.10278,1.10219,1.10266,129
1704181200000,1.10266,1.10301,1.10236,1.10284,130
1704181500000,1.10284,1.10323,1.10254,1.10301,131
1704181800000,1.10301,1.10342,1.10271,1.10317,132
1704182100000,1.10317,1.10359,1.10288,1.10331,133
1704182400000,1.10331,1.10372,1.10303,1.10343,134
1704182700000,1.10343,1.10382,1.10316,1.10352,135
1704183000000,1.10352,1.10386,1.10326,1.10357,136
1704183300000,1.10357,1.10387,1.10333,1.1036,137
1704183600000,1.1036,1.10384,1.10336,1.10359,138
1704183900000,1.10359,1.10379,1.10335,1.10356,139
1704184200000,1.10356,1.10371,1.10332,1.10351,140
1704184500000,1.10351,1.10361,1.10328,1.10344,141
1704184800000,1.10344,1.10348,1.10323,1.10337,142
1704185100000,1.10337,1.10339,1.10319,1.1033,143
1704185400000,1.1033,1.10338,1.10316,1.10325,144
1704185700000,1.10325,1.10338,1.10315,1.10321,145
1704186000000,1.10321,1.1034,1.10317,1.10321,146
1704186300000,1.10321,1.10347,1.1032,1.10324,147
1704186600000,1.10324,1.10358,1.10323,1.10332,148
1704186900000,1.10332,1.10372,1.10327,1.10344,149
1704187200000,1.10344,1.1039,1.10337,1.10361,100
1704187500000,1.10361,1.10412,1.10351,1.10382,101
1704187800000,1.10382,1.10437,1.1037,1.10408,102
1704188100000,1.10408,1.10465,1.10394,1.10438,103
1704188400000,1.10438,1.10495,1.10421,1.10472,104
1704188700000,1.10472,1.10526,1.10452,1.10508,105
1704189000000,1.10508,1.10559,1.10486,1.10545,106
1704189300000,1.10545,1.10592,1.10522,1.10584,107
1704189600000,1.10584,1.10624,1.10559,1.10622,108
1704189900000,1.10622,1.10662,1.10596,1.10658,109
1704190200000,1.10658,1.10702,1.10631,1.10693,110
1704190500000,1.10693,1.10738,1.10664,1.10724,111
1704190800000,1.10724,1.1077,1.10694,1.10751,112
1704191100000,1.10751,1.10797,1.10721,1.10773,113
1704191400000,1.10773,1.10817,1.10743,1.1079,114
1704191700000,1.1079,1.10831,1.1076,1.10802,115
1704192000000,1.10802,1.10839,1.10773,1.10809,116
1704192300000,1.10809,1.10841,1.1078,1.10811,117
1704192600000,1.10811,1.1084,1.1078,1.10809,118
1704192900000,1.10809,1.10835,1.10775,1.10803,119
1704193200000,1.10803,1.10825,1.10767,1.10793,120
1704193500000,1.10793,1.10811,1.10756,1.10782,121
1704193800000,1.10782,1.10794,1.10745,1.10768,122
1704194100000,1.10768,1.10775,1.10733,1.10755,123
1704194400000,1.10755,1.10756,1.10722,1.10742,124
1704194700000,1.10742,1.10747,1.10712,1.1073,125
1704195000000,1.1073,1.10741,1.10705,1.1072,126
1704195300000,1.1072,1.10737,1.107,1.10713,127
1704195600000,1.10713,1.10734,1.10698,1.10709,128
1704195900000,1.10709,1.10733,1.10699,1.10707,129
1704196200000,1.10707,1.10736,1.10702,1.10709,130
1704196500000,1.10709,1.10743,1.10706,1.10713,131
1704196800000,1.10713,1.1075,1.10713,1.1072,132
1704197100000,1.1072,1.10758,1.10717,1.10728,133
1704197400000,1.10728,1.10765,1.10723,1.10738,134
1704197700000,1.10738,1.10772,1.1073,1.10747,135
1704198000000,1.10747,1.10777,1.10737,1.10756,136
1704198300000,1.10756,1.1078,1.10743,1.10764,137
1704198600000,1.10764,1.10779,1.10748,1.10768,138
1704198900000,1.10768,1.10775,1.1075,1.1077,139
1704199200000,1.1077,1.10771,1.10747,1.10767,140
1704199500000,1.10767,1.10774,1.10738,1.10759,141
1704199800000,1.10759,1.10772,1.10723,1.10747,142
1704200100000,1.10747,1.10765,1.10704,1.1073,143
1704200400000,1.1073,1.10752,1.1068,1.10707,144
1704200700000,1.10707,1.10733,1.10652,1.10679,145
1704201000000,1.10679,1.10708,1.10619,1.10647,146
1704201300000,1.10647,1.10677,1.10582,1.10612,147
1704201600000,1.10612,1.10642,1.10543,1.10573,148
1704201900000,1.10573,1.10602,1.10503,1.10533,149
1704202200000,1.10533,1.10559,1.10461,1.10491,100
1704202500000,1.10491,1.10515,1.1042,1.10449,101
1704202800000,1.10449,1.10469,1.1038,1.10409,102
1704203100000,1.10409,1.10424,1.10342,1.10371,103
1704203400000,1.10371,1.1038,1.10308,1.10335,104
1704203700000,1.10335,1.10338,1.10277,1.10303,105
1704204000000,1.10303,1.10306,1.10251,1.10276,106
1704204300000,1.10276,1.10285,1.1023,1.10253,107
1704204600000,1.10253,1.10267,1.10214,1.10235,108
1704204900000,1.10235,1.10254,1.10203,1.10222,109
1704205200000,1.10222,1.10245,1.10196,1.10213,110
1704205500000,1.10213,1.1024,1.10194,1.10209,111
1704205800000,1.10209,1.10237,1.10195,1.10207,112
1704206100000,1.10207,1.10239,1.10198,1.10209,113
1704206400000,1.10209,1.10242,1.10202,1.10213,114
1704206700000,1.10213,1.10246,1.10209,1.10217,115
1704207000000,1.10217,1.10248,1.10216,1.10222,116
1704207300000,1.10222,1.10248,1.10221,1.10226,117
1704207600000,1.10226,1.10246,1.10222,1.10228,118
1704207900000,1.10228,1.10242,1.10222,1.10229,119
1704208200000,1.10229,1.10236,1.10217,1.10226,120
1704208500000,1.10226,1.10228,1.10209,1.10221,121
1704208800000,1.10221,1.10225,1.10198,1.10212,122
1704209100000,1.10212,1.10223,1.10184,1.10201,123
1704209400000,1.10201,1.10217,1.10168,1.10187,124
1704209700000,1.10187,1.10207,1.10149,1.1017,125
1704210000000,1.1017,1.10195,1.10129,1.10152,126
1704210300000,1.10152,1.1018,1.10109,1.10133,127
1704210600000,1.10133,1.10163,1.10089,1.10114,128
1704210900000,1.10114,1.10144,1.10069,1.10097,129
1704211200000,1.10097,1.10126,1.10053,1.10081,130
1704211500000,1.10081,1.10109,1.10039,1.10068,131
1704211800000,1.10068,1.10093,1.10029,1.10059,132
1704212100000,1.10059,1.1008,1.10024,1.10054,133
1704212400000,1.10054,1.1007,1.10024,1.10054,134
1704212700000,1.10054,1.10071,1.10024,1.10059,135
1704213000000,1.10059,1.10076,1.1003,1.1007,136
1704213300000,1.1007,1.10087,1.10041,1.10087,137
1704213600000,1.10087,1.10114,1.10059,1.10108,138
1704213900000,1.10108,1.10146,1.10081,1.10134,139
1704214200000,1.10134,1.10182,1.10109,1.10165,140
1704214500000,1.10165,1.1022,1.10141,1.10198,141
1704214800000,1.10198,1.1026,1.10176,1.10234,142
1704215100000,1.10234,1.103,1.10214,1.10271,143
1704215400000,1.10271,1.10339,1.10253,1.10309,144
1704215700000,1.10309,1.10376,1.10293,1.10346,145
1704216000000,1.10346,1.1041,1.10332,1.10381,146
1704216300000,1.10381,1.1044,1.1037,1.10413,147
1704216600000,1.10413,1.10467,1.10405,1.10443,148
1704216900000,1.10443,1.10488,1.10437,1.10468,149
1704217200000,1.10468,1.10504,1.10465,1.10489,100
1704217500000,1.10489,1.10516,1.10489,1.10506,101
1704217800000,1.10506,1.10522,1.10503,1.10518,102
1704218100000,1.10518,1.10529,1.10513,1.10527,103
1704218400000,1.10527,1.1054,1.10519,1.10532,104
1704218700000,1.10532,1.10547,1.10521,1.10534,105
1704219000000,1.10534,1.10552,1.10521,1.10534,106
1704219300000,1.10534,1.10557,1.10517,1.10532,107
1704219600000,1.10532,1.10558,1.10512,1.1053,108
1704219900000,1.1053,1.10559,1.10508,1.10528,109
1704220200000,1.10528,1.10558,1.10506,1.10528,110
1704220500000,1.10528,1.10559,1.10504,1.10529,111
1704220800000,1.10529,1.10562,1.10504,1.10533,112
1704221100000,1.10533,1.10567,1.10507,1.1054,113
1704221400000,1.1054,1.10573,1.10513,1.10551,114
1704221700000,1.10551,1.10583,1.10522,1.10564,115
1704222000000,1.10564,1.10595,1.10535,1.10581,116
1704222300000,1.10581,1.10609,1.10551,1.10601,117
1704222600000,1.10601,1.10625,1.10571,1.10623,118
1704222900000,1.10623,1.10651,1.10593,1.10647,119
1704223200000,1.10647,1.10682,1.10617,1.10672,120
1704223500000,1.10672,1.10712,1.10643,1.10697,121
1704223800000,1.10697,1.1074,1.10668,1.1072,122
1704224100000,1.1072,1.10766,1.10693,1.10742,123
1704224400000,1.10742,1.10788,1.10716,1.10761,124
1704224700000,1.10761,1.10805,1.10736,1.10776,125
1704225000000,1.10776,1.10816,1.10753,1.10786,126
1704225300000,1.10786,1.10821,1.10765,1.10792,127
1704225600000,1.10792,1.1082,1.10772,1.10792,128
1704225900000,1.10792,1.10817,1.10769,1.10786,129
1704226200000,1.10786,1.10808,1.1076,1.10775,130
1704226500000,1.10775,1.10792,1.10746,1.10759,131
1704226800000,1.10759,1.10771,1.10728,1.10737,132
1704227100000,1.10737,1.10744,1.10705,1.10712,133
1704227400000,1.10712,1.10712,1.10679,1.10683,134
1704227700000,1.10683,1.10689,1.1065,1.10652,135
1704228000000,1.10652,1.10663,1.10618,1.10619,136
1704228300000,1.10619,1.10636,1.10583,1.10586,137
1704228600000,1.10586,1.10608,1.10547,1.10554,138
1704228900000,1.10554,1.10579,1.10514,1.10523,139
1704229200000,1.10523,1.10551,1.10483,1.10494,140
1704229500000,1.10494,1.10524,1.10455,1.10469,141
1704229800000,1.10469,1.10499,1.1043,1.10447,142
1704230100000,1.10447,1.10476,1.1041,1.10429,143
1704230400000,1.10429,1.10456,1.10394,1.10415,144
1704230700000,1.10415,1.10439,1.10382,1.10405,145
1704231000000,1.10405,1.10425,1.10374,1.10398,146
1704231300000,1.10398,1.10414,1.10369,1.10395,147
1704231600000,1.10395,1.10405,1.10367,1.10394,148
1704231900000,1.10394,1.104,1.10366,1.10395,149
1704232200000,1.10395,1.10398,1.10366,1.10397,100
1704232500000,1.10397,1.10406,1.10368,1.10399,101
1704232800000,1.10399,1.10413,1.10369,1.104,102
1704233100000,1.104,1.10419,1.1037,1.104,103
1704233400000,1.104,1.10423,1.10368,1.10397,104
1704233700000,1.10397,1.10423,1.10362,1.10392,105
1704234000000,1.10392,1.1042,1.10354,1.10383,106
1704234300000,1.10383,1.10413,1.10342,1.1037,107
1704234600000,1.1037,1.104,1.10327,1.10354,108
1704234900000,1.10354,1.10383,1.10309,1.10335,109
1704235200000,1.10335,1.10362,1.10288,1.10312,110
1704235500000,1.10312,1.10336,1.10265,1.10287,111
1704235800000,1.10287,1.10306,1.1024,1.1026,112
1704236100000,1.1026,1.10275,1.10214,1.10233,113
1704236400000,1.10233,1.10242,1.10189,1.10205,114
1704236700000,1.10205,1.10208,1.10165,1.10179,115
1704237000000,1.10179,1.10182,1.10143,1.10154,116
1704237300000,1.10154,1.10163,1.10124,1.10133,117
1704237600000,1.10133,1.10147,1.10109,1.10115,118
1704237900000,1.10115,1.10134,1.10099,1.10102,119
1704238200000,1.10102,1.10125,1.10093,1.10094,120
1704238500000,1.10094,1.10121,1.10089,1.10091,121
1704238800000,1.10091,1.10124,1.10087,1.10095,122
1704239100000,1.10095,1.10134,1.10087,1.10104,123
1704239400000,1.10104,1.10148,1.10094,1.10118,124
1704239700000,1.10118,1.10166,1.10105,1.10137,125
1704240000000,1.10137,1.10187,1.10122,1.10161,126
1704240300000,1.10161,1.1021,1.10143,1.10188,127
1704240600000,1.10188,1.10235,1.10168,1.10217,128
1704240900000,1.10217,1.10261,1.10196,1.10248,129
1704241200000,1.10248,1.10287,1.10225,1.1028,130
1704241500000,1.1028,1.10312,1.10255,1.10311,131
1704241800000,1.10311,1.10346,1.10285,1.10341,132
1704242100000,1.10341,1.10379,1.10313,1.10369,133
1704242400000,1.10369,1.1041,1.1034,1.10394,134
1704242700000,1.10394,1.10436,1.10364,1.10415,135
1704243000000,1.10415,1.10458,1.10386,1.10434,136
1704243300000,1.10434,1.10476,1.10404,1.10448,137
1704243600000,1.10448,1.10488,1.10418,1.10459,138
1704243900000,1.10459,1.10497,1.10429,1.10467,139
1704244200000,1.10467,1.10501,1.10438,1.10472,140
1704244500000,1.10472,1.10503,1.10443,1.10475,141
1704244800000,1.10475,1.10502,1.10447,1.10477,142
1704245100000,1.10477,1.10499,1.1045,1.10478,143
1704245400000,1.10478,1.10496,1.10453,1.1048,144
1704245700000,1.1048,1.10494,1.10456,1.10483,145
1704246000000,1.10483,1.10493,1.10461,1.10488,146
1704246300000,1.10488,1.10496,1.10468,1.10496,147
1704246600000,1.10496,1.10513,1.10478,1.10507,148
1704246900000,1.10507,1.10534,1.10492,1.10522,149
1704247200000,1.10522,1.10558,1.10509,1.10541,100
1704247500000,1.10541,1.10585,1.10531,1.10563,101
1704247800000,1.10563,1.10615,1.10556,1.1059,102
1704248100000,1.1059,1.10648,1.10585,1.1062,103
1704248400000,1.1062,1.10682,1.10618,1.10652,104
1704248700000,1.10652,1.10717,1.10652,1.10687,105
1704249000000,1.10687,1.10751,1.10683,1.10722,106
1704249300000,1.10722,1.10785,1.10716,1.10758,107
1704249600000,1.10758,1.10816,1.10749,1.10792,108
1704249900000,1.10792,1.10845,1.10781,1.10825,109
1704250200000,1.10825,1.10869,1.10811,1.10854,110
1704250500000,1.10854,1.1089,1.10838,1.1088,111
1704250800000,1.1088,1.10905,1.10862,1.10901,112
1704251100000,1.10901,1.1092,1.10881,1.10917,113
1704251400000,1.10917,1.10936,1.10895,1.10928,114
1704251700000,1.10928,1.10947,1.10904,1.10933,115
1704252000000,1.10933,1.10952,1.10906,1.10932,116
1704252300000,1.10932,1.10955,1.10899,1.10926,117
1704252600000,1.10926,1.10952,1.10887,1.10915,118
1704252900000,1.10915,1.10943,1.10871,1.10899,119
1704253200000,1.10899,1.10929,1.10851,1.10881,120
1704253500000,1.10881,1.1091,1.10829,1.10859,121
1704253800000,1.10859,1.10888,1.10806,1.10836,122
1704254100000,1.10836,1.10862,1.10783,1.10812,123
1704254400000,1.10812,1.10835,1.10759,1.10789,124
1704254700000,1.10789,1.10807,1.10738,1.10767,125
1704255000000,1.10767,1.1078,1.10718,1.10746,126
1704255300000,1.10746,1.10754,1.10702,1.10729,127
1704255600000,1.10729,1.1073,1.10688,1.10714,128
1704255900000,1.10714,1.10718,1.10678,1.10702,129
1704256200000,1.10702,1.10712,1.10671,1.10694,130
1704256500000,1.10694,1.10709,1.10668,1.10688,131
1704256800000,1.10688,1.10709,1.10667,1.10686,132
1704257100000,1.10686,1.1071,1.10669,1.10686,133
1704257400000,1.10686,1.10714,1.10672,1.10687,134
1704257700000,1.10687,1.10718,1.10675,1.10689,135
1704258000000,1.10689,1.10721,1.1068,1.10691,136
1704258300000,1.10691,1.10721,1.10684,1.10692,137
1704258600000,1.10692,1.1072,1.10687,1.10691,138
1704258900000,1.10691,1.10716,1.10686,1.10687,139
1704259200000,1.10687,1.10709,1.10678,1.1068,140
1704259500000,1.1068,1.10697,1.10664,1.10669,141
1704259800000,1.10669,1.10681,1.10646,1.10654,142
1704260100000,1.10654,1.1066,1.10624,1.10634,143
1704260400000,1.10634,1.10634,1.10598,1.1061,144
1704260700000,1.1061,1.10616,1.10567,1.10582,145
1704261000000,1.10582,1.10593,1.10533,1.1055,146
1704261300000,1.1055,1.10567,1.10496,1.10515,147
1704261600000,1.10515,1.10536,1.10456,1.10478,148
1704261900000,1.10478,1.10503,1.10416,1.10439,149
1704262200000,1.10439,1.10467,1.10375,1.104,100
1704262500000,1.104,1.10429,1.10335,1.10362,101
1704262800000,1.10362,1.10392,1.10298,1.10325,102
1704263100000,1.10325,1.10354,1.10263,1.10291,103
1704263400000,1.10291,1.10318,1.10231,1.10261,104
1704263700000,1.10261,1.10285,1.10205,1.10234,105
1704264000000,1.10234,1.10255,1.10183,1.10213,106
1704264300000,1.10213,1.10229,1.10167,1.10197,107
1704264600000,1.10197,1.10207,1.10157,1.10187,108
1704264900000,1.10187,1.10191,1.10152,1.10182,109
1704265200000,1.10182,1.10183,1.10153,1.10181,110
1704265500000,1.10181,1.10193,1.10154,1.10186,111
1704265800000,1.10186,1.10208,1.1016,1.10195,112
1704266100000,1.10195,1.10225,1.10169,1.10206,113
1704266400000,1.10206,1.10243,1.10183,1.10221,114
1704266700000,1.10221,1.10262,1.10199,1.10236,115
1704267000000,1.10236,1.10281,1.10217,1.10252,116
1704267300000,1.10252,1.10298,1.10235,1.10268,117
1704267600000,1.10268,1.10312,1.10253,1.10283,118
1704267900000,1.10283,1.10324,1.1027,1.10295,119
1704268200000,1.10295,1.10332,1.10285,1.10305,120
1704268500000,1.10305,1.10335,1.10297,1.10312,121
1704268800000,1.10312,1.10335,1.10307,1.10316,122
1704269100000,1.10316,1.10331,1.10314,1.10317,123
1704269400000,1.10317,1.10325,1.10314,1.10314,124
1704269700000,1.10314,1.10317,1.10307,1.1031,125
1704270000000,1.1031,1.10313,1.10297,1.10303,126
1704270300000,1.10303,1.10312,1.10287,1.10295,127
1704270600000,1.10295,1.1031,1.10276,1.10287,128
1704270900000,1.10287,1.10307,1.10266,1.10279,129
1704271200000,1.10279,1.10303,1.10257,1.10273,130
1704271500000,1.10273,1.103,1.10251,1.10269,131
1704271800000,1.10269,1.10298,1.10248,1.10268,132
1704272100000,1.10268,1.10301,1.10246,1.10271,133
1704272400000,1.10271,1.10307,1.10247,1.10278,134
1704272700000,1.10278,1.10318,1.10252,1.10289,135
1704273000000,1.10289,1.10331,1.10262,1.10306,136
1704273300000,1.10306,1.10349,1.10278,1.10327,137
1704273600000,1.10327,1.1037,1.10298,1.10353,138
1704273900000,1.10353,1.10395,1.10323,1.10382,139
1704274200000,1.10382,1.10422,1.10352,1.10415,140
1704274500000,1.10415,1.10452,1.10385,1.10451,141
1704274800000,1.10451,1.10493,1.10421,1.10488,142
1704275100000,1.10488,1.10537,1.10458,1.10526,143
1704275400000,1.10526,1.10579,1.10497,1.10563,144
1704275700000,1.10563,1.1062,1.10535,1.10599,145
1704276000000,1.10599,1.10657,1.10572,1.10632,146
1704276300000,1.10632,1.1069,1.10606,1.10662,147
1704276600000,1.10662,1.10718,1.10638,1.10688,148
1704276900000,1.10688,1.1074,1.10666,1.1071,149
1704277200000,1.1071,1.10756,1.10689,1.10726,100
1704277500000,1.10726,1.10765,1.10707,1.10737,101
1704277800000,1.10737,1.10768,1.10721,1.10743,102
1704278100000,1.10743,1.10766,1.10729,1.10745,103
1704278400000,1.10745,1.10761,1.1073,1.10742,104
1704278700000,1.10742,1.10753,1.10726,1.10735,105
1704279000000,1.10735,1.1074,1.10718,1.10725,106
1704279300000,1.10725,1.10726,1.10709,1.10713,107
1704279600000,1.10713,1.1072,1.10699,1.107,108
1704279900000,1.107,1.10712,1.10685,1.10686,109
1704280200000,1.10686,1.10704,1.10669,1.10674,110
1704280500000,1.10674,1.10696,1.10655,1.10662,111
1704280800000,1.10662,1.10688,1.10643,1.10653,112
1704281100000,1.10653,1.10681,1.10634,1.10646,113
1704281400000,1.10646,1.10676,1.10627,1.10642,114
1704281700000,1.10642,1.10672,1.10624,1.10641,115
1704282000000,1.10641,1.10673,1.10622,1.10644,116
1704282300000,1.10644,1.10675,1.10622,1.10649,117
1704282600000,1.10649,1.1068,1.10626,1.10656,118
1704282900000,1.10656,1.10685,1.10631,1.10665,119
1704283200000,1.10665,1.1069,1.10639,1.10675,120
1704283500000,1.10675,1.10694,1.10648,1.10685,121
1704283800000,1.10685,1.10698,1.10657,1.10694,122
1704284100000,1.10694,1.10705,1.10665,1.10702,123
1704284400000,1.10702,1.10715,1.10672,1.10707,124
1704284700000,1.10707,1.10723,1.10677,1.10709,125
1704285000000,1.10709,1.10728,1.10676,1.10706,126
1704285300000,1.10706,1.10729,1.10669,1.10699,127
1704285600000,1.10699,1.10725,1.10657,1.10687,128
1704285900000,1.10687,1.10715,1.10641,1.10669,129
1704286200000,1.10669,1.10699,1.10619,1.10647,130
1704286500000,1.10647,1.10677,1.10593,1.1062,131
1704286800000,1.1062,1.10648,1.10563,1.10588,132
1704287100000,1.10588,1.10614,1.1053,1.10553,133
1704287400000,1.10553,1.10576,1.10493,1.10515,134
1704287700000,1.10515,1.10534,1.10456,1.10476,135
1704288000000,1.10476,1.10489,1.10417,1.10435,136
1704288300000,1.10435,1.10443,1.10379,1.10395,137
1704288600000,1.10395,1.10396,1.10342,1.10356,138
1704288900000,1.10356,1.1036,1.10308,1.10319,139
1704289200000,1.10319,1.10329,1.10277,1.10285,140
1704289500000,1.10285,1.103,1.10249,1.10255,141
1704289800000,1.10255,1.10275,1.10226,1.10229,142
1704290100000,1.10229,1.10253,1.10208,1.10208,143
1704290400000,1.10208,1.10235,1.10189,1.10192,144
1704290700000,1.10192,1.10221,1.10175,1.1018,145
1704291000000,1.1018,1.1021,1.10165,1.10174,146
1704291300000,1.10174,1.10203,1.1016,1.10171,147
1704291600000,1.10171,1.10199,1.10158,1.10171,148
1704291900000,1.10171,1.102,1.10156,1.10175,149
1704292200000,1.10175,1.10201,1.10157,1.1018,100
1704292500000,1.1018,1.10203,1.1016,1.10186,101
1704292800000,1.10186,1.10204,1.10164,1.10192,102
1704293100000,1.10192,1.10203,1.10168,1.10197,103
1704293400000,1.10197,1.10201,1.10172,1.10201,104
1704293700000,1.10201,1.10209,1.10175,1.10203,105
1704294000000,1.10203,1.10214,1.10174,1.10202,106
1704294300000,1.10202,1.10219,1.10169,1.10197,107
1704294600000,1.10197,1.10219,1.10161,1.1019,108
1704294900000,1.1019,1.10215,1.1015,1.1018,109
1704295200000,1.1018,1.10208,1.10137,1.10167,110
1704295500000,1.10167,1.10197,1.10122,1.10152,111
1704295800000,1.10152,1.10182,1.10106,1.10135,112
1704296100000,1.10135,1.10165,1.10089,1.10118,113
1704296400000,1.10118,1.10145,1.10073,1.10101,114
1704296700000,1.10101,1.10125,1.10058,1.10085,115
1704297000000,1.10085,1.10105,1.10045,1.10071,116
1704297300000,1.10071,1.10087,1.10036,1.1006,117
1704297600000,1.1006,1.1007,1.1003,1.10053,118
1704297900000,1.10053,1.10057,1.10029,1.10051,119
1704298200000,1.10051,1.10055,1.10032,1.10053,120
1704298500000,1.10053,1.10068,1.10036,1.10061,121
1704298800000,1.10061,1.10087,1.10046,1.10074,122
1704299100000,1.10074,1.10111,1.10062,1.10092,123
1704299400000,1.10092,1.10139,1.10083,1.10116,124
1704299700000,1.10116,1.10171,1.10109,1.10145,125
1704300000000,1.10145,1.10206,1.10141,1.10177,126
1704300300000,1.10177,1.10243,1.10176,1.10213,127
1704300600000,1.10213,1.1028,1.10211,1.1025,128
1704300900000,1.1025,1.10318,1.10247,1.10289,129
1704301200000,1.10289,1.10355,1.10283,1.10329,130
1704301500000,1.10329,1.1039,1.10319,1.10367,131
1704301800000,1.10367,1.10422,1.10355,1.10403,132
1704302100000,1.10403,1.10451,1.10389,1.10437,133
1704302400000,1.10437,1.10476,1.1042,1.10467,134
1704302700000,1.10467,1.10496,1.10449,1.10494,135
1704303000000,1.10494,1.1052,1.10473,1.10516,136
1704303300000,1.10516,1.10543,1.10493,1.10534,137
1704303600000,1.10534,1.10563,1.1051,1.10548,138
1704303900000,1.10548,1.10577,1.10522,1.10557,139
1704304200000,1.10557,1.10587,1.1053,1.10563,140
1704304500000,1.10563,1.10593,1.10535,1.10566,141
1704304800000,1.10566,1.10597,1.10537,1.10567,142
1704305100000,1.10567,1.10597,1.10538,1.10567,143
1704305400000,1.10567,1.10597,1.10537,1.10566,144
1704305700000,1.10566,1.10595,1.10536,1.10566,145
1704306000000,1.10566,1.10593,1.10536,1.10567,146
1704306300000,1.10567,1.10592,1.10538,1.1057,147
1704306600000,1.1057,1.10593,1.10542,1.10576,148
1704306900000,1.10576,1.10597,1.10548,1.10585,149
1704307200000,1.10585,1.10603,1.10558,1.10597,100
1704307500000,1.10597,1.10613,1.10571,1.10612,101
1704307800000,1.10612,1.10636,1.10588,1.1063,102
1704308100000,1.1063,1.10663,1.10608,1.10652,103
1704308400000,1.10652,1.10692,1.10632,1.10675,104
1704308700000,1.10675,1.10722,1.10657,1.10701,105
1704309000000,1.10701,1.10751,1.10685,1.10726,106
1704309300000,1.10726,1.1078,1.10713,1.10752,107
1704309600000,1.10752,1.10806,1.10741,1.10777,108
1704309900000,1.10777,1.10829,1.10768,1.10799,109
1704310200000,1.10799,1.10848,1.10793,1.10818,110
1704310500000,1.10818,1.10861,1.10815,1.10834,111
1704310800000,1.10834,1.10869,1.10834,1.10845,112
1704311100000,1.10845,1.10871,1.10842,1.1085,113
1704311400000,1.1085,1.10866,1.10845,1.1085,114
1704311700000,1.1085,1.10861,1.10837,1.10845,115
1704312000000,1.10845,1.1085,1.10824,1.10834,116
1704312300000,1.10834,1.10835,1.10805,1.10818,117
1704312600000,1.10818,1.10825,1.10781,1.10797,118
1704312900000,1.10797,1.10809,1.10754,1.10771,119
1704313200000,1.10771,1.10789,1.10723,1.10743,120
1704313500000,1.10743,1.10765,1.1069,1.10712,121
1704313800000,1.10712,1.10738,1.10656,1.1068,122
1704314100000,1.1068,1.10708,1.10622,1.10647,123
1704314400000,1.10647,1.10677,1.10589,1.10615,124
1704314700000,1.10615,1.10645,1.10557,1.10585,125
1704315000000,1.10585,1.10614,1.10528,1.10557,126
1704315300000,1.10557,1.10584,1.10503,1.10532,127
1704315600000,1.10532,1.10556,1.10481,1.10511,128
1704315900000,1.10511,1.1053,1.10464,1.10493,129
1704316200000,1.10493,1.10508,1.1045,1.1048,130
1704316500000,1.1048,1.10489,1.10441,1.10471,131
1704316800000,1.10471,1.10474,1.10435,1.10465,132
1704317100000,1.10465,1.10467,1.10433,1.10462,133
1704317400000,1.10462,1.1047,1.10434,1.10461,134
1704317700000,1.10461,1.10477,1.10435,1.10462,135
1704318000000,1.10462,1.10484,1.10438,1.10464,136
1704318300000,1.10464,1.1049,1.10441,1.10466,137
1704318600000,1.10466,1.10494,1.10445,1.10467,138
1704318900000,1.10467,1.10496,1.10447,1.10466,139
1704319200000,1.10466,1.10496,1.10446,1.10463,140
1704319500000,1.10463,1.10493,1.10442,1.10457,141
1704319800000,1.10457,1.10485,1.10435,1.10447,142
1704320100000,1.10447,1.10473,1.10424,1.10434,143
1704320400000,1.10434,1.10456,1.1041,1.10417,144
1704320700000,1.10417,1.10435,1.10392,1.10397,145
1704321000000,1.10397,1.1041,1.10371,1.10373,146
1704321300000,1.10373,1.10381,1.10347,1.10347,147
1704321600000,1.10347,1.10349,1.10316,1.1032,148
1704321900000,1.1032,1.10325,1.10285,1.10292,149
1704322200000,1.10292,1.10302,1.10254,1.10263,100
1704322500000,1.10263,1.10279,1.10225,1.10236,101
1704322800000,1.10236,1.10257,1.10197,1.10211,102
1704323100000,1.10211,1.10236,1.10173,1.1019,103
1704323400000,1.1019,1.10217,1.10153,1.10172,104
1704323700000,1.10172,1.10201,1.10138,1.10158,105
1704324000000,1.10158,1.10188,1.10128,1.1015,106
1704324300000,1.1015,1.1018,1.10123,1.10147,107
1704324600000,1.10147,1.10178,1.10122,1.1015,108
1704324900000,1.1015,1.10184,1.10123,1.10159,109
1704325200000,1.10159,1.10194,1.10131,1.10173,110
1704325500000,1.10173,1.10208,1.10144,1.10192,111
1704325800000,1.10192,1.10226,1.10162,1.10214,112
1704326100000,1.10214,1.10246,1.10184,1.10241,113
1704326400000,1.10241,1.1027,1.10211,1.10269,114
1704326700000,1.10269,1.10305,1.10239,1.10299,115
1704327000000,1.10299,1.10342,1.1027,1.1033,116
1704327300000,1.1033,1.10377,1.10301,1.10359,117
1704327600000,1.10359,1.1041,1.10331,1.10388,118
1704327900000,1.10388,1.1044,1.10361,1.10414,119
1704328200000,1.10414,1.10466,1.10389,1.10437,120
1704328500000,1.10437,1.10487,1.10413,1.10457,121
1704328800000,1.10457,1.10504,1.10435,1.10474,122
1704329100000,1.10474,1.10516,1.10453,1.10487,123
1704329400000,1.10487,1.10523,1.10468,1.10496,124
1704329700000,1.10496,1.10526,1.1048,1.10502,125
1704330000000,1.10502,1.10525,1.10488,1.10505,126
1704330300000,1.10505,1.10522,1.10494,1.10506,127
1704330600000,1.10506,1.10516,1.10498,1.10507,128
1704330900000,1.10507,1.1051,1.105,1.10506,129
1704331200000,1.10506,1.10509,1.10503,1.10507,130
1704331500000,1.10507,1.10516,1.10506,1.10508,131
1704331800000,1.10508,1.10526,1.10506,1.10512,132
1704332100000,1.10512,1.10537,1.10507,1.10519,133
1704332400000,1.10519,1.10552,1.10511,1.10529,134
1704332700000,1.10529,1.10569,1.10519,1.10543,135
1704333000000,1.10543,1.10589,1.1053,1.1056,136
1704333300000,1.1056,1.10612,1.10545,1.10582,137
1704333600000,1.10582,1.10637,1.10565,1.10607,138
1704333900000,1.10607,1.10664,1.10588,1.10636,139
1704334200000,1.10636,1.10693,1.10614,1.10667,140
1704334500000,1.10667,1.10723,1.10644,1.107,141
1704334800000,1.107,1.10752,1.10675,1.10734,142
1704335100000,1.10734,1.10781,1.10707,1.10767,143
1704335400000,1.10767,1.10808,1.1074,1.108,144
1704335700000,1.108,1.10833,1.10772,1.10831,145
1704336000000,1.10831,1.10862,1.10801,1.10858,146
1704336300000,1.10858,1.10891,1.10828,1.10882,147
1704336600000,1.10882,1.10916,1.10852,1.10901,148
1704336900000,1.10901,1.10934,1.10871,1.10914,149
1704337200000,1.10914,1.10947,1.10885,1.10923,100
1704337500000,1.10923,1.10952,1.10893,1.10925,101
1704337800000,1.10925,1.10954,1.10894,1.10922,102
1704338100000,1.10922,1.10952,1.10886,1.10914,103
1704338400000,1.10914,1.10943,1.10874,1.10901,104
1704338700000,1.10901,1.10929,1.10858,1.10883,105
1704339000000,1.10883,1.10909,1.10839,1.10862,106
1704339300000,1.10862,1.10884,1.10818,1.10839,107
1704339600000,1.10839,1.10856,1.10795,1.10814,108
1704339900000,1.10814,1.10826,1.10772,1.10789,109
1704340200000,1.10789,1.10795,1.10749,1.10764,110
1704340500000,1.10764,1.10764,1.10728,1.1074,111
1704340800000,1.1074,1.10746,1.10709,1.10719,112
1704341100000,1.10719,1.1073,1.10692,1.107,113
1704341400000,1.107,1.10716,1.10679,1.10684,114
1704341700000,1.10684,1.10705,1.10669,1.10671,115
1704342000000,1.10671,1.10696,1.10661,1.10661,116
1704342300000,1.10661,1.10689,1.10652,1.10655,117
1704342600000,1.10655,1.10685,1.10645,1.10651,118
1704342900000,1.10651,1.10681,1.10641,1.1065,119
1704343200000,1.1065,1.10679,1.10639,1.1065,120
1704343500000,1.1065,1.10678,1.10636,1.10651,121
1704343800000,1.10651,1.10675,1.10634,1.10651,122
1704344100000,1.10651,1.10671,1.10632,1.1065,123
1704344400000,1.1065,1.10666,1.10627,1.10648,124
1704344700000,1.10648,1.10658,1.1062,1.10642,125
1704345000000,1.10642,1.10647,1.1061,1.10634,126
1704345300000,1.10634,1.10635,1.10595,1.10621,127
1704345600000,1.10621,1.10628,1.10577,1.10604,128
1704345900000,1.10604,1.10617,1.10555,1.10583,129
1704346200000,1.10583,1.10601,1.10528,1.10557,130
1704346500000,1.10557,1.1058,1.10498,1.10527,131
1704346800000,1.10527,1.10553,1.10464,1.10494,132
1704347100000,1.10494,1.10522,1.10428,1.10458,133
1704347400000,1.10458,1.10487,1.10389,1.10419,134
1704347700000,1.10419,1.10449,1.1035,1.10379,135
1704348000000,1.10379,1.10408,1.10311,1.10339,136
1704348300000,1.10339,1.10366,1.10272,1.103,137
1704348600000,1.103,1.10324,1.10236,1.10263,138
1704348900000,1.10263,1.10282,1.10203,1.10229,139
1704349200000,1.10229,1.10243,1.10174,1.10198,140
1704349500000,1.10198,1.10207,1.10149,1.10172,141
1704349800000,1.10172,1.10175,1.1013,1.1015,142
1704350100000,1.1015,1.10153,1.10116,1.10134,143
1704350400000,1.10134,1.10143,1.10107,1.10124,144
1704350700000,1.10124,1.10138,1.10104,1.10118,145
1704351000000,1.10118,1.10138,1.10107,1.10118,146
1704351300000,1.10118,1.10146,1.10109,1.10123,147
1704351600000,1.10123,1.10158,1.10117,1.10131,148
1704351900000,1.10131,1.10172,1.10128,1.10143,149
1704352200000,1.10143,1.10187,1.10142,1.10157,100
1704352500000,1.10157,1.10202,1.10155,1.10173,101
1704352800000,1.10173,1.10217,1.10168,1.10188,102
1704353100000,1.10188,1.1023,1.10181,1.10204,103
1704353400000,1.10204,1.1024,1.10194,1.10218,104
1704353700000,1.10218,1.10248,1.10205,1.1023,105
1704354000000,1.1023,1.10252,1.10215,1.10239,106
1704354300000,1.10239,1.10253,1.10222,1.10246,107
1704354600000,1.10246,1.1025,1.10226,1.10249,108
1704354900000,1.10249,1.10254,1.10228,1.1025,109
1704355200000,1.1025,1.1026,1.10224,1.10247,110
1704355500000,1.10247,1.10263,1.10217,1.10242,111
1704355800000,1.10242,1.10263,1.10209,1.10235,112
1704356100000,1.10235,1.1026,1.102,1.10228,113
1704356400000,1.10228,1.10255,1.10191,1.1022,114
1704356700000,1.1022,1.10249,1.10183,1.10212,115
1704357000000,1.10212,1.10242,1.10177,1.10206,116
1704357300000,1.10206,1.10236,1.10173,1.10203,117
1704357600000,1.10203,1.10231,1.10173,1.10203,118
1704357900000,1.10203,1.10231,1.10173,1.10206,119
1704358200000,1.10206,1.10235,1.10177,1.10214,120
1704358500000,1.10214,1.10243,1.10186,1.10227,121
1704358800000,1.10227,1.10255,1.10199,1.10244,122
1704359100000,1.10244,1.10272,1.10218,1.10267,123
1704359400000,1.10267,1.10294,1.10241,1.10293,124
1704359700000,1.10293,1.10331,1.1027,1.10324,125
1704360000000,1.10324,1.1037,1.10302,1.10358,126
1704360300000,1.10358,1.10412,1.10338,1.10394,127
1704360600000,1.10394,1.10454,1.10377,1.10433,128
1704360900000,1.10433,1.10497,1.10417,1.10471,129
1704361200000,1.10471,1.10537,1.10458,1.10509,130
1704361500000,1.10509,1.10575,1.10499,1.10546,131
1704361800000,1.10546,1.10609,1.10538,1.1058,132
1704362100000,1.1058,1.10639,1.10574,1.1061,133
1704362400000,1.1061,1.10664,1.10608,1.10637,134
1704362700000,1.10637,1.10682,1.10636,1.10658,135
1704363000000,1.10658,1.10695,1.10655,1.10675,136
1704363300000,1.10675,1.10702,1.10669,1.10687,137
1704363600000,1.10687,1.10703,1.10678,1.10693,138
1704363900000,1.10693,1.10699,1.10683,1.10695,139
1704364200000,1.10695,1.10698,1.10679,1.10693,140
1704364500000,1.10693,1.10701,1.10671,1.10687,141
1704364800000,1.10687,1.10701,1.1066,1.10678,142
1704365100000,1.10678,1.10697,1.10647,1.10667,143
1704365400000,1.10667,1.1069,1.10633,1.10655,144
1704365700000,1.10655,1.10682,1.10619,1.10643,145
1704366000000,1.10643,1.10672,1.10606,1.10632,146
1704366300000,1.10632,1.10661,1.10595,1.10622,147
1704366600000,1.10622,1.10651,1.10586,1.10614,148
1704366900000,1.10614,1.10642,1.1058,1.10609,149
1704367200000,1.10609,1.10635,1.10577,1.10607,100
1704367500000,1.10607,1.1063,1.10577,1.10608,101
1704367800000,1.10608,1.1063,1.10578,1.10612,102
1704368100000,1.10612,1.10632,1.10582,1.10619,103
1704368400000,1.10619,1.10635,1.10589,1.10628,104
1704368700000,1.10628,1.1064,1.10599,1.10638,105
1704369000000,1.10638,1.10654,1.1061,1.1065,106
1704369300000,1.1065,1.10672,1.10623,1.10662,107
1704369600000,1.10662,1.10688,1.10636,1.10672,108
1704369900000,1.10672,1.10701,1.10648,1.10681,109
1704370200000,1.10681,1.10712,1.10658,1.10687,110
1704370500000,1.10687,1.10717,1.10667,1.1069,111
1704370800000,1.1069,1.10719,1.1067,1.10689,112
1704371100000,1.10689,1.10719,1.10666,1.10683,113
1704371400000,1.10683,1.10712,1.10657,1.10671,114
1704371700000,1.10671,1.10699,1.10643,1.10655,115
1704372000000,1.10655,1.1068,1.10625,1.10634,116
1704372300000,1.10634,1.10655,1.10601,1.10608,117
1704372600000,1.10608,1.10625,1.10574,1.10578,118
1704372900000,1.10578,1.10589,1.10543,1.10544,119
1704373200000,1.10544,1.1055,1.10506,1.10507,120
1704373500000,1.10507,1.10507,1.10465,1.10469,121
1704373800000,1.10469,1.10475,1.10423,1.1043,122
1704374100000,1.1043,1.10442,1.10382,1.10392,123
1704374400000,1.10392,1.10408,1.10342,1.10354,124
1704374700000,1.10354,1.10376,1.10305,1.10319,125
1704375000000,1.10319,1.10345,1.10271,1.10288,126
1704375300000,1.10288,1.10316,1.10241,1.1026,127
1704375600000,1.1026,1.10289,1.10215,1.10236,128
1704375900000,1.10236,1.10266,1.10194,1.10217,129
1704376200000,1.10217,1.10247,1.10179,1.10203,130
1704376500000,1.10203,1.10231,1.10168,1.10194,131
1704376800000,1.10194,1.10219,1.10162,1.1019,132
1704377100000,1.1019,1.1021,1.1016,1.10189,133
1704377400000,1.10189,1.10207,1.1016,1.10191,134
1704377700000,1.10191,1.10207,1.10162,1.10197,135
1704378000000,1.10197,1.10208,1.10167,1.10203,136
1704378300000,1.10203,1.10213,1.10173,1.10211,137
1704378600000,1.10211,1.10226,1.10181,1.10219,138
1704378900000,1.10219,1.10239,1.10189,1.10225,139
1704379200000,1.10225,1.10249,1.10197,1.1023,140
1704379500000,1.1023,1.10256,1.10203,1.10233,141
1704379800000,1.10233,1.10259,1.10207,1.10233,142
1704380100000,1.10233,1.10262,1.10205,1.1023,143
1704380400000,1.1023,1.1026,1.102,1.10224,144
1704380700000,1.10224,1.10254,1.10193,1.10215,145
1704381000000,1.10215,1.10244,1.10183,1.10203,146
1704381300000,1.10203,1.1023,1.10171,1.10189,147
1704381600000,1.10189,1.10212,1.10158,1.10174,148
1704381900000,1.10174,1.10193,1.10145,1.10158,149
1704382200000,1.10158,1.10172,1.10132,1.10142,100
1704382500000,1.10142,1.10151,1.1012,1.10128,101
1704382800000,1.10128,1.1013,1.1011,1.10115,102
1704383100000,1.10115,1.10119,1.10103,1.10106,103
1704383400000,1.10106,1.10115,1.10101,1.10101,104
1704383700000,1.10101,1.10115,1.10097,1.101,105
1704384000000,1.101,1.10123,1.10094,1.10104,106
1704384300000,1.10104,1.10137,1.10096,1.10113,107
1704384600000,1.10113,1.10155,1.10103,1.10128,108
1704384900000,1.10128,1.10177,1.10115,1.10148,109
1704385200000,1.10148,1.10204,1.10133,1.10174,110
1704385500000,1.10174,1.10233,1.10156,1.10204,111
1704385800000,1.10204,1.10266,1.10184,1.10237,112
1704386100000,1.10237,1.103,1.10215,1.10274,113
1704386400000,1.10274,1.10335,1.1025,1.10313,114
1704386700000,1.10313,1.1037,1.10288,1.10353,115
1704387000000,1.10353,1.10405,1.10326,1.10393,116
1704387300000,1.10393,1.10438,1.10365,1.10432,117
1704387600000,1.10432,1.10469,1.10403,1.10468,118
1704387900000,1.10468,1.10508,1.10439,1.10502,119
1704388200000,1.10502,1.10544,1.10473,1.10533,120
1704388500000,1.10533,1.10576,1.10503,1.1056,121
1704388800000,1.1056,1.10603,1.1053,1.10582,122
1704389100000,1.10582,1.10625,1.10552,1.106,123
1704389400000,1.106,1.10641,1.10571,1.10613,124
1704389700000,1.10613,1.10652,1.10585,1.10623,125
1704390000000,1.10623,1.10659,1.10596,1.10629,126
1704390300000,1.10629,1.10662,1.10603,1.10632,127
1704390600000,1.10632,1.10661,1.10608,1.10633,128
1704390900000,1.10633,1.10658,1.1061,1.10633,129
1704391200000,1.10633,1.10654,1.10612,1.10633,130
1704391500000,1.10633,1.10649,1.10614,1.10633,131
1704391800000,1.10633,1.10645,1.10616,1.10634,132
1704392100000,1.10634,1.10643,1.1062,1.10638,133
1704392400000,1.10638,1.10645,1.10626,1.10644,134
1704392700000,1.10644,1.1066,1.10634,1.10653,135
1704393000000,1.10653,1.10678,1.10646,1.10665,136
1704393300000,1.10665,1.10699,1.10661,1.10681,137
1704393600000,1.10681,1.10722,1.10679,1.107,138
1704393900000,1.107,1.10747,1.10698,1.10721,139
1704394200000,1.10721,1.10773,1.10717,1.10745,140
1704394500000,1.10745,1.10799,1.10738,1.1077,141
1704394800000,1.1077,1.10825,1.10761,1.10795,142
1704395100000,1.10795,1.1085,1.10784,1.10821,143
1704395400000,1.10821,1.10872,1.10806,1.10845,144
1704395700000,1.10845,1.1089,1.10828,1.10866,145
1704396000000,1.10866,1.10904,1.10848,1.10885,146
1704396300000,1.10885,1.10914,1.10864,1.10899,147
1704396600000,1.10899,1.10918,1.10877,1.10909,148
1704396900000,1.10909,1.10917,1.10885,1.10913,149
1704397200000,1.10913,1.10916,1.10886,1.10912,100
1704397500000,1.10912,1.10921,1.10878,1.10906,101
1704397800000,1.10906,1.1092,1.10865,1.10893,102
1704398100000,1.10893,1.10912,1.10847,1.10876,103
1704398400000,1.10876,1.10899,1.10824,1.10853,104
1704398700000,1.10853,1.1088,1.10797,1.10827,105
1704399000000,1.10827,1.10856,1.10767,1.10797,106
1704399300000,1.10797,1.10827,1.10736,1.10765,107
1704399600000,1.10765,1.10795,1.10703,1.10732,108
1704399900000,1.10732,1.10761,1.1067,1.10699,109
1704400200000,1.10699,1.10725,1.10638,1.10666,110
1704400500000,1.10666,1.10688,1.10608,1.10635,111
1704400800000,1.10635,1.10653,1.10581,1.10606,112
1704401100000,1.10606,1.10619,1.10557,1.10581,113
1704401400000,1.10581,1.10588,1.10537,1.10559,114
1704401700000,1.10559,1.1056,1.1052,1.10541,115
1704402000000,1.10541,1.10545,1.10508,1.10527,116
1704402300000,1.10527,1.10537,1.105,1.10516,117
1704402600000,1.10516,1.10532,1.10496,1.10509,118
1704402900000,1.10509,1.1053,1.10495,1.10506,119
1704403200000,1.10506,1.1053,1.10496,1.10504,120
1704403500000,1.10504,1.10531,1.10498,1.10504,121
1704403800000,1.10504,1.10534,1.10501,1.10505,122
1704404100000,1.10505,1.10535,1.10504,1.10505,123
1704404400000,1.10505,1.10535,1.10502,1.10505,124
1704404700000,1.10505,1.10533,1.10497,1.10502,125
1704405000000,1.10502,1.10527,1.10489,1.10497,126
1704405300000,1.10497,1.10519,1.10479,1.10489,127
1704405600000,1.10489,1.10506,1.10465,1.10478,128
1704405900000,1.10478,1.10489,1.10447,1.10462,129
1704406200000,1.10462,1.10468,1.10426,1.10444,130
1704406500000,1.10444,1.10444,1.10402,1.10421,131
1704406800000,1.10421,1.10427,1.10374,1.10396,132
1704407100000,1.10396,1.10408,1.10345,1.10369,133
1704407400000,1.10369,1.10386,1.10314,1.10339,134
1704407700000,1.10339,1.10361,1.10283,1.10309,135
1704408000000,1.10309,1.10335,1.10252,1.1028,136
1704408300000,1.1028,1.10308,1.10223,1.10251,137
1704408600000,1.10251,1.10281,1.10196,1.10225,138
1704408900000,1.10225,1.10255,1.10172,1.10202,139
1704409200000,1.10202,1.10231,1.10153,1.10183,140
1704409500000,1.10183,1.1021,1.10138,1.10168,141
1704409800000,1.10168,1.10192,1.10129,1.10159,142
1704410100000,1.10159,1.10179,1.10126,1.10155,143
1704410400000,1.10155,1.10173,1.10127,1.10157,144
1704410700000,1.10157,1.10175,1.1013,1.10165,145
1704411000000,1.10165,1.10182,1.10139,1.10178,146
1704411300000,1.10178,1.10197,1.10153,1.10195,147
1704411600000,1.10195,1.10225,1.10172,1.10217,148
1704411900000,1.10217,1.10255,1.10196,1.10242,149
1704412200000,1.10242,1.10287,1.10222,1.10269,100
1704412500000,1.10269,1.1032,1.10252,1.10297,101
1704412800000,1.10297,1.10352,1.10282,1.10326,102
1704413100000,1.10326,1.10383,1.10314,1.10354,103
1704413400000,1.10354,1.1041,1.10344,1.10381,104
1704413700000,1.10381,1.10435,1.10373,1.10405,105
1704414000000,1.10405,1.10455,1.104,1.10426,106
1704414300000,1.10426,1.10471,1.10424,1.10444,107
1704414600000,1.10444,1.10482,1.10443,1.10458,108
1704414900000,1.10458,1.10488,1.10455,1.10469,109
1704415200000,1.10469,1.1049,1.10463,1.10476,110
1704415500000,1.10476,1.10489,1.10467,1.1048,111
1704415800000,1.1048,1.10484,1.10469,1.10482,112
1704416100000,1.10482,1.10486,1.10468,1.10482,113
1704416400000,1.10482,1.10491,1.10464,1.1048,114
1704416700000,1.1048,1.10495,1.1046,1.10478,115
1704417000000,1.10478,1.10498,1.10457,1.10477,116
1704417300000,1.10477,1.10501,1.10455,1.10478,117
1704417600000,1.10478,1.10507,1.10453,1.1048,118
1704417900000,1.1048,1.10515,1.10454,1.10486,119
1704418200000,1.10486,1.10525,1.10459,1.10495,120
1704418500000,1.10495,1.10537,1.10467,1.10508,121
1704418800000,1.10508,1.10553,1.10479,1.10524,122
1704419100000,1.10524,1.10571,1.10495,1.10545,123
1704419400000,1.10545,1.10591,1.10515,1.10569,124
1704419700000,1.10569,1.10614,1.10539,1.10597,125
1704420000000,1.10597,1.10639,1.10567,1.10627,126
1704420300000,1.10627,1.10665,1.10598,1.10659,127
1704420600000,1.10659,1.10692,1.1063,1.10692,128
1704420900000,1.10692,1.10729,1.10664,1.10724,129
1704421200000,1.10724,1.10766,1.10697,1.10755,130
1704421500000,1.10755,1.10801,1.1073,1.10784,131
1704421800000,1.10784,1.10832,1.1076,1.1081,132
1704422100000,1.1081,1.10857,1.10788,1.10832,133
1704422400000,1.10832,1.10878,1.10812,1.1085,134
1704422700000,1.1085,1.10891,1.10831,1.10862,135
1704423000000,1.10862,1.10899,1.10846,1.10869,136
1704423300000,1.10869,1.10899,1.10855,1.1087,137
1704423600000,1.1087,1.10897,1.10854,1.10865,138
1704423900000,1.10865,1.1089,1.10846,1.10855,139
1704424200000,1.10855,1.10876,1.10834,1.1084,140
1704424500000,1.1084,1.10856,1.10818,1.10822,141
1704424800000,1.10822,1.10832,1.10799,1.108,142
1704425100000,1.108,1.10805,1.10774,1.10776,143
1704425400000,1.10776,1.10777,1.10745,1.1075,144
1704425700000,1.1075,1.10757,1.10717,1.10724,145
1704426000000,1.10724,1.10737,1.10689,1.10699,146
1704426300000,1.10699,1.10717,1.10662,1.10675,147
1704426600000,1.10675,1.10697,1.10638,1.10653,148
1704426900000,1.10653,1.10679,1.10616,1.10634,149
1704427200000,1.10634,1.10662,1.10598,1.10617,100
1704427500000,1.10617,1.10647,1.10583,1.10605,101
1704427800000,1.10605,1.10635,1.10572,1.10595,102
1704428100000,1.10595,1.10624,1.10564,1.10589,103
1704428400000,1.10589,1.10616,1.10559,1.10585,104
1704428700000,1.10585,1.10609,1.10556,1.10584,105
1704429000000,1.10584,1.10603,1.10555,1.10583,106
1704429300000,1.10583,1.10598,1.10554,1.10584,107
1704429600000,1.10584,1.10593,1.10554,1.10584,108
1704429900000,1.10584,1.10587,1.10553,1.10583,109
1704430200000,1.10583,1.10586,1.1055,1.1058,110
1704430500000,1.1058,1.10589,1.10545,1.10575,111
1704430800000,1.10575,1.10589,1.10536,1.10565,112
1704431100000,1.10565,1.10585,1.10524,1.10552,113
1704431400000,1.10552,1.10576,1.10508,1.10535,114
1704431700000,1.10535,1.10562,1.10487,1.10513,115
1704432000000,1.10513,1.10542,1.10463,1.10487,116
1704432300000,1.10487,1.10517,1.10434,1.10457,117
1704432600000,1.10457,1.10487,1.10403,1.10424,118
1704432900000,1.10424,1.10452,1.10368,1.10388,119
1704433200000,1.10388,1.10414,1.10332,1.10349,120
1704433500000,1.10349,1.10372,1.10295,1.1031,121
1704433800000,1.1031,1.10328,1.10258,1.10271,122
1704434100000,1.10271,1.10284,1.10222,1.10232,123
1704434400000,1.10232,1.10239,1.10188,1.10196,124
1704434700000,1.10196,1.10197,1.10157,1.10162,125
1704435000000,1.10162,1.10167,1.1013,1.10133,126
1704435300000,1.10133,1.10143,1.10107,1.10108,127
1704435600000,1.10108,1.10123,1.10084,1.10087,128
1704435900000,1.10087,1.10108,1.10067,1.10073,129
1704436200000,1.10073,1.10097,1.10055,1.10064,130
1704436500000,1.10064,1.10091,1.10049,1.1006,131
1704436800000,1.1006,1.1009,1.10046,1.10061,132
1704437100000,1.10061,1.10097,1.10045,1.10067,133
1704437400000,1.10067,1.10106,1.10049,1.10077,134
1704437700000,1.10077,1.10118,1.10056,1.1009,135
1704438000000,1.1009,1.1013,1.10067,1.10105,136
1704438300000,1.10105,1.10143,1.10081,1.10121,137
1704438600000,1.10121,1.10155,1.10096,1.10138,138
1704438900000,1.10138,1.10166,1.10111,1.10155,139
1704439200000,1.10155,1.10175,1.10127,1.1017,140
1704439500000,1.1017,1.10183,1.10141,1.10182,141
1704439800000,1.10182,1.10199,1.10153,1.10193,142
1704440100000,1.10193,1.10212,1.10163,1.102,143
1704440400000,1.102,1.10222,1.1017,1.10204,144
1704440700000,1.10204,1.10228,1.10175,1.10206,145
1704441000000,1.10206,1.10231,1.10175,1.10204,146
1704441300000,1.10204,1.10232,1.10171,1.102,147
1704441600000,1.102,1.1023,1.10167,1.10195,148
1704441900000,1.10195,1.10225,1.10161,1.10188,149
1704442200000,1.10188,1.10217,1.10156,1.10182,100
1704442500000,1.10182,1.10209,1.10152,1.10176,101
1704442800000,1.10176,1.102,1.10149,1.10172,102
1704443100000,1.10172,1.10192,1.10149,1.1017,103
1704443400000,1.1017,1.10187,1.10151,1.10172,104
1704443700000,1.10172,1.10187,1.10155,1.10177,105
1704444000000,1.10177,1.10191,1.10163,1.10187,106
1704444300000,1.10187,1.10204,1.10176,1.10202,107
1704444600000,1.10202,1.10229,1.10193,1.10221,108
1704444900000,1.10221,1.10259,1.10215,1.10246,109
1704445200000,1.10246,1.10293,1.10242,1.10275,110
1704445500000,1.10275,1.1033,1.10274,1.10307,111
1704445800000,1.10307,1.1037,1.10306,1.10343,112
1704446100000,1.10343,1.1041,1.10339,1.10382,113
1704446400000,1.10382,1.10451,1.10374,1.10421,114
1704446700000,1.10421,1.10491,1.10412,1.10462,115
1704447000000,1.10462,1.1053,1.10449,1.10501,116
1704447300000,1.10501,1.10565,1.10486,1.10539,117
1704447600000,1.10539,1.10597,1.10522,1.10574,118
1704447900000,1.10574,1.10625,1.10555,1.10606,119
1704448200000,1.10606,1.10647,1.10585,1.10634,120
1704448500000,1.10634,1.10664,1.1061,1.10656,121
1704448800000,1.10656,1.10676,1.10632,1.10674,122
1704449100000,1.10674,1.10691,1.10648,1.10687,123
1704449400000,1.10687,1.10705,1.1066,1.10695,124
1704449700000,1.10695,1.10713,1.10667,1.10698,125
1704450000000,1.10698,1.10718,1.10668,1.10697,126
1704450300000,1.10697,1.10721,1.10662,1.10692,127
1704450600000,1.10692,1.10719,1.10655,1.10684,128
1704450900000,1.10684,1.10714,1.10645,1.10675,129
1704451200000,1.10675,1.10705,1.10635,1.10665,130
1704451500000,1.10665,1.10694,1.10625,1.10654,131
1704451800000,1.10654,1.10682,1.10616,1.10645,132
1704452100000,1.10645,1.1067,1.10609,1.10636,133
1704452400000,1.10636,1.10658,1.10604,1.10631,134
1704452700000,1.10631,1.10648,1.10602,1.10627,135
1704453000000,1.10627,1.10639,1.10604,1.10627,136
1704453300000,1.10627,1.10637,1.10606,1.1063,137
1704453600000,1.1063,1.10637,1.10611,1.10636,138
1704453900000,1.10636,1.10651,1.10619,1.10645,139
1704454200000,1.10645,1.10667,1.1063,1.10656,140
1704454500000,1.10656,1.10685,1.10643,1.10668,141
1704454800000,1.10668,1.10703,1.10658,1.10681,142
1704455100000,1.10681,1.10719,1.10673,1.10694,143
1704455400000,1.10694,1.10734,1.10689,1.10706,144
1704455700000,1.10706,1.10746,1.10704,1.10716,145
1704456000000,1.10716,1.10754,1.10716,1.10724,146
1704456300000,1.10724,1.10757,1.10721,1.10727,147
1704456600000,1.10727,1.10755,1.10721,1.10727,148
1704456900000,1.10727,1.10751,1.10713,1.10721,149
1704457200000,1.10721,1.10742,1.107,1.10711,100
1704457500000,1.10711,1.10727,1.10682,1.10696,101
1704457800000,1.10696,1.10706,1.10659,1.10675,102
1704458100000,1.10675,1.1068,1.10632,1.1065,103
1704458400000,1.1065,1.10651,1.106,1.1062,104
1704458700000,1.1062,1.10628,1.10565,1.10587,105
1704459000000,1.10587,1.106,1.10528,1.10552,106
1704459300000,1.10552,1.1057,1.10489,1.10515,107
1704459600000,1.10515,1.10537,1.1045,1.10477,108
1704459900000,1.10477,1.10503,1.10411,1.10439,109
1704460200000,1.10439,1.10468,1.10375,1.10403,110
1704460500000,1.10403,1.10433,1.1034,1.1037,111
1704460800000,1.1037,1.104,1.10309,1.10339,112
1704461100000,1.10339,1.10368,1.10283,1.10313,113
1704461400000,1.10313,1.10339,1.10261,1.10291,114
1704461700000,1.10291,1.10314,1.10244,1.10273,115
1704462000000,1.10273,1.10292,1.10232,1.10261,116
1704462300000,1.10261,1.10275,1.10225,1.10253,117
1704462600000,1.10253,1.10262,1.10222,1.10249,118
1704462900000,1.10249,1.10253,1.10223,1.1025,119
1704463200000,1.1025,1.10257,1.10225,1.10253,120
1704463500000,1.10253,1.10268,1.10231,1.10259,121
1704463800000,1.10259,1.10282,1.10239,1.10267,122
1704464100000,1.10267,1.10295,1.10248,1.10275,123
1704464400000,1.10275,1.10307,1.10259,1.10283,124
1704464700000,1.10283,1.10317,1.10269,1.1029,125
1704465000000,1.1029,1.10325,1.10279,1.10296,126
1704465300000,1.10296,1.10329,1.10286,1.10299,127
1704465600000,1.10299,1.10328,1.10292,1.10299,128
1704465900000,1.10299,1.10327,1.10292,1.10295,129
1704466200000,1.10295,1.10321,1.10288,1.10289,130
1704466500000,1.10289,1.10312,1.10279,1.1028,131
1704466800000,1.1028,1.10298,1.10264,1.10268,132
1704467100000,1.10268,1.10281,1.10247,1.10254,133
1704467400000,1.10254,1.10261,1.10229,1.10239,134
1704467700000,1.10239,1.1024,1.10211,1.10223,135
1704468000000,1.10223,1.10228,1.10193,1.10207,136
1704468300000,1.10207,1.10218,1.10176,1.10193,137
1704468600000,1.10193,1.10209,1.10162,1.10181,138
1704468900000,1.10181,1.10202,1.10151,1.10172,139
1704469200000,1.10172,1.10197,1.10144,1.10167,140
1704469500000,1.10167,1.10194,1.10142,1.10166,141
1704469800000,1.10166,1.102,1.1014,1.10171,142
1704470100000,1.10171,1.10211,1.10144,1.10181,143
1704470400000,1.10181,1.10225,1.10152,1.10196,144
1704470700000,1.10196,1.10244,1.10167,1.10216,145
1704471000000,1.10216,1.10267,1.10187,1.10242,146
1704471300000,1.10242,1.10293,1.10212,1.10272,147
1704471600000,1.10272,1.10322,1.10242,1.10306,148
1704471900000,1.10306,1.10353,1.10276,1.10342,149
1704472200000,1.10342,1.10386,1.10313,1.10381,100
1704472500000,1.10381,1.10421,1.10352,1.1042,101
1704472800000,1.1042,1.10466,1.10392,1.10459,102
1704473100000,1.10459,1.10509,1.10432,1.10497,103
1704473400000,1.10497,1.1055,1.10472,1.10533,104
1704473700000,1.10533,1.10588,1.10509,1.10566,105
1704474000000,1.10566,1.10621,1.10544,1.10595,106
1704474300000,1.10595,1.10649,1.10575,1.10621,107
1704474600000,1.10621,1.10671,1.10603,1.10642,108
1704474900000,1.10642,1.10688,1.10626,1.10658,109
1704475200000,1.10658,1.10699,1.10645,1.1067,110
1704475500000,1.1067,1.10705,1.1066,1.10678,111
1704475800000,1.10678,1.10707,1.1067,1.10683,112
1704476100000,1.10683,1.10705,1.10678,1.10685,113
1704476400000,1.10685,1.107,1.10682,1.10685,114
1704476700000,1.10685,1.10694,1.10684,1.10684,115
1704477000000,1.10684,1.10687,1.10679,1.10682,116
1704477300000,1.10682,1.10685,1.10676,1.10681,117
1704477600000,1.10681,1.1069,1.10673,1.10682,118
1704477900000,1.10682,1.10698,1.10671,1.10684,119
1704478200000,1.10684,1.10708,1.10671,1.10689,120
1704478500000,1.10689,1.10721,1.10674,1.10697,121
1704478800000,1.10697,1.10735,1.1068,1.10709,122
1704479100000,1.10709,1.10752,1.10689,1.10723,123
1704479400000,1.10723,1.10771,1.10702,1.10741,124
1704479700000,1.10741,1.10791,1.10718,1.10762,125
1704480000000,1.10762,1.10813,1.10736,1.10784,126
1704480300000,1.10784,1.10834,1.10757,1.10808,127
1704480600000,1.10808,1.10855,1.1078,1.10832,128
1704480900000,1.10832,1.10874,1.10803,1.10856,129
1704481200000,1.10856,1.10891,1.10826,1.10878,130
1704481500000,1.10878,1.10906,1.10848,1.10898,131
1704481800000,1.10898,1.10916,1.10868,1.10914,132
1704482100000,1.10914,1.10931,1.10884,1.10927,133
1704482400000,1.10927,1.10944,1.10897,1.10934,134
1704482700000,1.10934,1.10952,1.10905,1.10937,135
1704483000000,1.10937,1.10957,1.10905,1.10933,136
1704483300000,1.10933,1.10958,1.10897,1.10924,137
1704483600000,1.10924,1.10952,1.10884,1.1091,138
1704483900000,1.1091,1.10939,1.10865,1.1089,139
1704484200000,1.1089,1.1092,1.10843,1.10866,140
1704484500000,1.10866,1.10895,1.10816,1.10837,141
1704484800000,1.10837,1.10865,1.10786,1.10805,142
1704485100000,1.10805,1.10831,1.10755,1.10772,143
1704485400000,1.10772,1.10793,1.10722,1.10737,144
1704485700000,1.10737,1.10754,1.1069,1.10702,145
1704486000000,1.10702,1.10713,1.10658,1.10667,146
1704486300000,1.10667,1.10673,1.10628,1.10635,147
1704486600000,1.10635,1.10635,1.10601,1.10605,148
1704486900000,1.10605,1.10611,1.10576,1.10578,149
1704487200000,1.10578,1.1059,1.10554,1.10555,100
1704487500000,1.10555,1.10572,1.10532,1.10536,101
1704487800000,1.10536,1.10557,1.10514,1.1052,102
1704488100000,1.1052,1.10546,1.105,1.10509,103
1704488400000,1.10509,1.10537,1.10489,1.10501,104
1704488700000,1.10501,1.1053,1.10481,1.10495,105
1704489000000,1.10495,1.10525,1.10476,1.10492,106
1704489300000,1.10492,1.10522,1.10472,1.10491,107
1704489600000,1.10491,1.10518,1.10469,1.1049,108
1704489900000,1.1049,1.10514,1.10466,1.10489,109
1704490200000,1.10489,1.10509,1.10462,1.10486,110
1704490500000,1.10486,1.10502,1.10456,1.10482,111
1704490800000,1.10482,1.10492,1.10448,1.10475,112
1704491100000,1.10475,1.10479,1.10437,1.10465,113
1704491400000,1.10465,1.10467,1.10423,1.10452,114
1704491700000,1.10452,1.10459,1.10405,1.10434,115
1704492000000,1.10434,1.10448,1.10384,1.10414,116
1704492300000,1.10414,1.10432,1.1036,1.1039,117
1704492600000,1.1039,1.10412,1.10333,1.10363,118
1704492900000,1.10363,1.10389,1.10304,1.10333,119
1704493200000,1.10333,1.10362,1.10274,1.10302,120
1704493500000,1.10302,1.10332,1.10243,1.10271,121
1704493800000,1.10271,1.10301,1.10213,1.1024,122
1704494100000,1.1024,1.10269,1.10185,1.1021,123
1704494400000,1.1021,1.10237,1.10159,1.10183,124
1704494700000,1.10183,1.10206,1.10137,1.10159,125
1704495000000,1.10159,1.10178,1.10119,1.10139,126
1704495300000,1.10139,1.10153,1.10106,1.10124,127
1704495600000,1.10124,1.10132,1.10098,1.10114,128
1704495900000,1.10114,1.10117,1.10096,1.1011,129
1704496200000,1.1011,1.10115,1.10099,1.10111,130
1704496500000,1.10111,1.10127,1.10103,1.10118,131
1704496800000,1.10118,1.10145,1.10112,1.1013,132
1704497100000,1.1013,1.10167,1.10127,1.10147,133
1704497400000,1.10147,1.10192,1.10147,1.10168,134
1704497700000,1.10168,1.10219,1.10166,1.10192,135
1704498000000,1.10192,1.10248,1.10187,1.10219,136
1704498300000,1.10219,1.10276,1.10211,1.10246,137
1704498600000,1.10246,1.10304,1.10236,1.10274,138
1704498900000,1.10274,1.10329,1.10261,1.10301,139
1704499200000,1.10301,1.10352,1.10286,1.10326,140
1704499500000,1.10326,1.10372,1.10309,1.10349,141
1704499800000,1.10349,1.10387,1.1033,1.1037,142
1704500100000,1.1037,1.10399,1.10348,1.10386,143
1704500400000,1.10386,1.10406,1.10363,1.104,144
1704500700000,1.104,1.1041,1.10374,1.10409,145
1704501000000,1.10409,1.1042,1.10383,1.10415,146
1704501300000,1.10415,1.10429,1.10388,1.10418,147
1704501600000,1.10418,1.10435,1.1039,1.10419,148
1704501900000,1.10419,1.1044,1.10389,1.10418,149
1704502200000,1.10418,1.10443,1.10386,1.10416,100
1704502500000,1.10416,1.10443,1.10384,1.10414,101
1704502800000,1.10414,1.10443,1.10382,1.10412,102
1704503100000,1.10412,1.10442,1.10383,1.10412,103
1704503400000,1.10412,1.10444,1.10383,1.10415,104
1704503700000,1.10415,1.10448,1.10387,1.10421,105
1704504000000,1.10421,1.10454,1.10393,1.1043,106
1704504300000,1.1043,1.10464,1.10404,1.10443,107
1704504600000,1.10443,1.10476,1.10418,1.1046,108
1704504900000,1.1046,1.10492,1.10437,1.10481,109
1704505200000,1.10481,1.10511,1.1046,1.10506,110
1704505500000,1.10506,1.10534,1.10486,1.10533,111
1704505800000,1.10533,1.10571,1.10516,1.10564,112
1704506100000,1.10564,1.10608,1.10549,1.10596,113
1704506400000,1.10596,1.10646,1.10583,1.10628,114
1704506700000,1.10628,1.10683,1.10619,1.10661,115
1704507000000,1.10661,1.10718,1.10654,1.10692,116
1704507300000,1.10692,1.10749,1.10688,1.10721,117
1704507600000,1.10721,1.10777,1.10719,1.10747,118
1704507900000,1.10747,1.10799,1.10746,1.10769,119
1704508200000,1.10769,1.10815,1.10765,1.10786,120
1704508500000,1.10786,1.10825,1.1078,1.10798,121
1704508800000,1.10798,1.10828,1.10789,1.10804,122
1704509100000,1.10804,1.10824,1.10793,1.10805,123
1704509400000,1.10805,1.10819,1.10786,1.108,124
1704509700000,1.108,1.10809,1.10774,1.1079,125
1704510000000,1.1079,1.10793,1.10757,1.10776,126
1704510300000,1.10776,1.10778,1.10737,1.10757,127
1704510600000,1.10757,1.10766,1.10713,1.10736,128
1704510900000,1.10736,1.1075,1.10688,1.10712,129
1704511200000,1.10712,1.10731,1.10661,1.10687,130
1704511500000,1.10687,1.1071,1.10635,1.10662,131
1704511800000,1.10662,1.10688,1.10609,1.10637,132
1704512100000,1.10637,1.10666,1.10585,1.10614,133
1704512400000,1.10614,1.10644,1.10564,1.10593,134
1704512700000,1.10593,1.10623,1.10545,1.10575,135
1704513000000,1.10575,1.10604,1.10531,1.10561,136
1704513300000,1.10561,1.10587,1.10519,1.10549,137
1704513600000,1.10549,1.10572,1.10512,1.10541,138
1704513900000,1.10541,1.10559,1.10507,1.10536,139
1704514200000,1.10536,1.10549,1.10506,1.10534,140
1704514500000,1.10534,1.10541,1.10507,1.10533,141
1704514800000,1.10533,1.10536,1.10508,1.10535,142
1704515100000,1.10535,1.10541,1.1051,1.10536,143
1704515400000,1.10536,1.10548,1.10514,1.10538,144
1704515700000,1.10538,1.10553,1.10517,1.10538,145
1704516000000,1.10538,1.10558,1.10517,1.10536,146
1704516300000,1.10536,1.1056,1.10515,1.10531,147
1704516600000,1.10531,1.10558,1.10509,1.10523,148
1704516900000,1.10523,1.10552,1.10499,1.1051,149
1704517200000,1.1051,1.1054,1.10485,1.10494,100
1704517500000,1.10494,1.10524,1.10467,1.10473,101
1704517800000,1.10473,1.10501,1.10445,1.10448,102
1704518100000,1.10448,1.10473,1.10418,1.10419,103
1704518400000,1.10419,1.10441,1.10385,1.10387,104
1704518700000,1.10387,1.10404,1.10347,1.10352,105
1704519000000,1.10352,1.10363,1.10307,1.10315,106
1704519300000,1.10315,1.1032,1.10267,1.10277,107
1704519600000,1.10277,1.10277,1.10226,1.10239,108
1704519900000,1.10239,1.10245,1.10187,1.10202,109
1704520200000,1.10202,1.10214,1.1015,1.10168,110
1704520500000,1.10168,1.10185,1.10117,1.10136,111
1704520800000,1.10136,1.10158,1.10087,1.10109,112
1704521100000,1.10109,1.10134,1.10062,1.10086,113
1704521400000,1.10086,1.10114,1.10043,1.10068,114
1704521700000,1.10068,1.10097,1.10029,1.10055,115
1704522000000,1.10055,1.10085,1.10021,1.10048,116
1704522300000,1.10048,1.10077,1.10018,1.10047,117
1704522600000,1.10047,1.10077,1.10018,1.1005,118
1704522900000,1.1005,1.10082,1.10021,1.10058,119
1704523200000,1.10058,1.1009,1.10028,1.1007,120
1704523500000,1.1007,1.101,1.1004,1.10085,121
1704523800000,1.10085,1.10112,1.10055,1.10102,122
1704524100000,1.10102,1.10124,1.10073,1.1012,123
1704524400000,1.1012,1.10141,1.10092,1.10139,124
1704524700000,1.10139,1.10165,1.10111,1.10157,125
1704525000000,1.10157,1.10187,1.1013,1.10173,126
1704525300000,1.10173,1.10206,1.10148,1.10188,127
1704525600000,1.10188,1.10222,1.10164,1.10199,128
1704525900000,1.10199,1.10234,1.10178,1.10208,129
1704526200000,1.10208,1.10242,1.10188,1.10214,130
1704526500000,1.10214,1.10246,1.10196,1.10216,131
1704526800000,1.10216,1.10246,1.10201,1.10216,132
1704527100000,1.10216,1.10245,1.10201,1.10214,133
1704527400000,1.10214,1.1024,1.10199,1.1021,134
1704527700000,1.1021,1.10233,1.10197,1.10205,135
1704528000000,1.10205,1.10223,1.10195,1.102,136
1704528300000,1.102,1.10213,1.10193,1.10195,137
1704528600000,1.10195,1.10204,1.10193,1.10193,138
1704528900000,1.10193,1.10196,1.1019,1.10193,139
1704529200000,1.10193,1.10201,1.10187,1.10197,140
1704529500000,1.10197,1.10214,1.10188,1.10204,141
1704529800000,1.10204,1.10232,1.10193,1.10217,142
1704530100000,1.10217,1.10253,1.10203,1.10233,143
1704530400000,1.10233,1.10279,1.10217,1.10255,144
1704530700000,1.10255,1.10308,1.10237,1.10281,145
1704531000000,1.10281,1.10341,1.10261,1.10312,146
1704531300000,1.10312,1.10377,1.1029,1.10347,147
1704531600000,1.10347,1.10414,1.10323,1.10384,148
1704531900000,1.10384,1.10452,1.10359,1.10424,149
1704532200000,1.10424,1.10491,1.10397,1.10465,100
1704532500000,1.10465,1.10529,1.10438,1.10507,101
1704532800000,1.10507,1.10565,1.10478,1.10548,102
1704533100000,1.10548,1.10599,1.10518,1.10587,103
1704533400000,1.10587,1.10629,1.10557,1.10623,104
1704533700000,1.10623,1.10656,1.10593,1.10655,105
1704534000000,1.10655,1.10689,1.10625,1.10684,106
1704534300000,1.10684,1.10718,1.10654,1.10707,107
1704534600000,1.10707,1.10742,1.10678,1.10726,108
1704534900000,1.10726,1.1076,1.10697,1.10739,109
1704535200000,1.10739,1.10772,1.10712,1.10747,110
1704535500000,1.10747,1.10778,1.10721,1.10751,111
1704535800000,1.10751,1.1078,1.10726,1.1075,112
1704536100000,1.1075,1.1078,1.10723,1.10746,113
1704536400000,1.10746,1.10775,1.10718,1.10739,114
1704536700000,1.10739,1.10767,1.10712,1.10731,115
1704537000000,1.10731,1.10755,1.10705,1.10721,116
1704537300000,1.10721,1.10742,1.10697,1.10711,117
1704537600000,1.10711,1.10727,1.10691,1.10703,118
1704537900000,1.10703,1.10713,1.10687,1.10696,119
1704538200000,1.10696,1.107,1.10684,1.10691,120
1704538500000,1.10691,1.10692,1.10685,1.10689,121
1704538800000,1.10689,1.10697,1.10688,1.10689,122
1704539100000,1.10689,1.10706,1.10688,1.10693,123
1704539400000,1.10693,1.10718,1.10689,1.107,124
1704539700000,1.107,1.10732,1.10693,1.1071,125
1704540000000,1.1071,1.10747,1.107,1.10721,126
1704540300000,1.10721,1.10763,1.10709,1.10734,127
1704540600000,1.10734,1.10778,1.1072,1.10748,128
1704540900000,1.10748,1.10791,1.10731,1.10761,129
1704541200000,1.10761,1.10802,1.10742,1.10773,130
1704541500000,1.10773,1.1081,1.10752,1.10784,131
1704541800000,1.10784,1.10814,1.10761,1.10791,132
1704542100000,1.10791,1.10813,1.10766,1.10794,133
1704542400000,1.10794,1.10809,1.10767,1.10793,134
1704542700000,1.10793,1.10802,1.1076,1.10787,135
1704543000000,1.10787,1.1079,1.10748,1.10777,136
1704543300000,1.10777,1.10779,1.10731,1.1076,137
1704543600000,1.1076,1.10769,1.1071,1.10739,138
1704543900000,1.10739,1.10754,1.10684,1.10713,139
1704544200000,1.10713,1.10733,1.10654,1.10683,140
1704544500000,1.10683,1.10707,1.1062,1.1065,141
1704544800000,1.1065,1.10677,1.10585,1.10614,142
1704545100000,1.10614,1.10643,1.10548,1.10577,143
1704545400000,1.10577,1.10607,1.10511,1.10538,144
1704545700000,1.10538,1.10568,1.10474,1.10501,145
1704546000000,1.10501,1.10529,1.1044,1.10465,146
1704546300000,1.10465,1.10491,1.10408,1.10431,147
1704546600000,1.10431,1.10453,1.10379,1.10401,148
1704546900000,1.10401,1.10419,1.10354,1.10374,149
1704547200000,1.10374,1.10387,1.10335,1.10352,100
1704547500000,1.10352,1.10359,1.10319,1.10335,101
1704547800000,1.10335,1.10336,1.10309,1.10322,102
1704548100000,1.10322,1.10327,1.10304,1.10314,103
1704548400000,1.10314,1.10325,1.10303,1.10311,104
1704548700000,1.10311,1.10327,1.10305,1.10311,105
1704549000000,1.10311,1.10335,1.10308,1.10314,106
1704549300000,1.10314,1.10344,1.10314,1.1032,107
1704549600000,1.1032,1.10354,1.10317,1.10326,108
1704549900000,1.10326,1.10363,1.10321,1.10334,109
1704550200000,1.10334,1.10371,1.10326,1.10341,110
1704550500000,1.10341,1.10377,1.1033,1.10347,111
1704550800000,1.10347,1.10379,1.10334,1.10351,112
1704551100000,1.10351,1.10378,1.10335,1.10353,113
1704551400000,1.10353,1.10374,1.10333,1.10351,114
1704551700000,1.10351,1.10368,1.10327,1.10347,115
1704552000000,1.10347,1.10358,1.10317,1.10339,116
1704552300000,1.10339,1.10345,1.10305,1.10328,117
1704552600000,1.10328,1.10329,1.1029,1.10315,118
1704552900000,1.10315,1.10322,1.10273,1.103,119
1704553200000,1.103,1.10312,1.10255,1.10283,120
1704553500000,1.10283,1.10301,1.10237,1.10266,121
1704553800000,1.10266,1.10288,1.1022,1.10249,122
1704554100000,1.10249,1.10275,1.10204,1.10234,123
1704554400000,1.10234,1.10262,1.10191,1.10221,124
1704554700000,1.10221,1.10251,1.10181,1.10211,125
1704555000000,1.10211,1.10241,1.10175,1.10205,126
1704555300000,1.10205,1.10234,1.10175,1.10204,127
1704555600000,1.10204,1.10234,1.10175,1.10207,128
1704555900000,1.10207,1.1024,1.1018,1.10216,129
1704556200000,1.10216,1.10251,1.1019,1.10231,130
1704556500000,1.10231,1.10265,1.10206,1.1025,131
1704556800000,1.1025,1.10285,1.10228,1.10275,132
1704557100000,1.10275,1.10308,1.10254,1.10304,133
1704557400000,1.10304,1.10339,1.10285,1.10336,134
1704557700000,1.10336,1.1038,1.1032,1.10372,135
1704558000000,1.10372,1.10422,1.10357,1.10409,136
1704558300000,1.10409,1.10465,1.10397,1.10446,137
1704558600000,1.10446,1.10507,1.10437,1.10484,138
1704558900000,1.10484,1.10547,1.10477,1.1052,139
1704559200000,1.1052,1.10583,1.10516,1.10554,140
1704559500000,1.10554,1.10615,1.10553,1.10585,141
1704559800000,1.10585,1.10642,1.10584,1.10612,142
1704560100000,1.10612,1.10664,1.10608,1.10636,143
1704560400000,1.10636,1.10681,1.10629,1.10654,144
1704560700000,1.10654,1.10692,1.10645,1.10669,145
1704561000000,1.10669,1.10697,1.10657,1.10679,146
1704561300000,1.10679,1.10698,1.10664,1.10685,147
1704561600000,1.10685,1.10695,1.10668,1.10688,148
1704561900000,1.10688,1.1069,1.10669,1.10688,149
1704562200000,1.10688,1.10691,1.10665,1.10686,100
1704562500000,1.10686,1.10695,1.1066,1.10683,101
1704562800000,1.10683,1.10698,1.10655,1.10679,102
1704563100000,1.10679,1.10699,1.10651,1.10677,103
1704563400000,1.10677,1.10701,1.10648,1.10676,104
1704563700000,1.10676,1.10704,1.10647,1.10677,105
1704564000000,1.10677,1.1071,1.10648,1.10681,106
1704564300000,1.10681,1.10717,1.10651,1.10688,107
1704564600000,1.10688,1.10727,1.10658,1.10698,108
1704564900000,1.10698,1.10739,1.10668,1.10711,109
1704565200000,1.10711,1.10753,1.10681,1.10728,110
1704565500000,1.10728,1.10768,1.10698,1.10747,111
1704565800000,1.10747,1.10785,1.10718,1.10768,112
1704566100000,1.10768,1.10802,1.1074,1.1079,113
1704566400000,1.1079,1.10819,1.10763,1.10812,114
1704566700000,1.10812,1.10835,1.10787,1.10834,115
1704567000000,1.10834,1.10861,1.10811,1.10855,116
1704567300000,1.10855,1.10884,1.10833,1.10873,117
1704567600000,1.10873,1.10904,1.10853,1.10888,118
1704567900000,1.10888,1.10919,1.1087,1.10898,119
1704568200000,1.10898,1.10929,1.10882,1.10903,120
1704568500000,1.10903,1.10931,1.1089,1.10904,121
1704568800000,1.10904,1.10933,1.10887,1.10898,122
1704569100000,1.10898,1.10928,1.10879,1.10887,123
1704569400000,1.10887,1.10916,1.10865,1.10871,124
1704569700000,1.10871,1.10898,1.10846,1.10849,125
1704570000000,1.10849,1.10873,1.10822,1.10822,126
1704570300000,1.10822,1.10843,1.1079,1.10792,127
1704570600000,1.10792,1.10808,1.10754,1.10759,128
1704570900000,1.10759,1.10769,1.10716,1.10724,129
1704571200000,1.10724,1.10728,1.10677,1.10688,130
1704571500000,1.10688,1.10689,1.10638,1.10651,131
1704571800000,1.10651,1.10659,1.106,1.10616,132
1704572100000,1.10616,1.10629,1.10565,1.10583,133
1704572400000,1.10583,1.10601,1.10532,1.10552,134
1704572700000,1.10552,1.10574,1.10502,1.10524,135
1704573000000,1.10524,1.1055,1.10477,1.105,136
1704573300000,1.105,1.10529,1.10455,1.10481,137
1704573600000,1.10481,1.1051,1.10438,1.10465,138
1704573900000,1.10465,1.10495,1.10425,1.10453,139
1704574200000,1.10453,1.10481,1.10415,1.10444,140
1704574500000,1.10444,1.10471,1.10409,1.10438,141
1704574800000,1.10438,1.10461,1.10405,1.10434,142
1704575100000,1.10434,1.10454,1.10402,1.10432,143
1704575400000,1.10432,1.10446,1.10401,1.1043,144
1704575700000,1.1043,1.10439,1.10399,1.10428,145
1704576000000,1.10428,1.10431,1.10396,1.10425,146
1704576300000,1.10425,1.10428,1.10392,1.1042,147
1704576600000,1.1042,1.10429,1.10385,1.10412,148
1704576900000,1.10412,1.10427,1.10375,1.10401,149
1704577200000,1.10401,1.10421,1.10362,1.10386,100
1704577500000,1.10386,1.1041,1.10345,1.10368,101
1704577800000,1.10368,1.10395,1.10326,1.10347,102
1704578100000,1.10347,1.10376,1.10303,1.10322,103
1704578400000,1.10322,1.10352,1.10277,1.10294,104
1704578700000,1.10294,1.10324,1.1025,1.10264,105
1704579000000,1.10264,1.10292,1.10221,1.10233,106
1704579300000,1.10233,1.10259,1.10192,1.10201,107
1704579600000,1.10201,1.10223,1.10163,1.1017,108
1704579900000,1.1017,1.10188,1.10136,1.1014,109
1704580200000,1.1014,1.10153,1.10112,1.10113,110
1704580500000,1.10113,1.1012,1.10088,1.1009,111
1704580800000,1.1009,1.10091,1.10066,1.1007,112
1704581100000,1.1007,1.10075,1.10049,1.10055,113
1704581400000,1.10055,1.10066,1.10037,1.10046,114
1704581700000,1.10046,1.10062,1.10031,1.10043,115
1704582000000,1.10043,1.10066,1.10029,1.10045,116
1704582300000,1.10045,1.10077,1.10028,1.10053,117
1704582600000,1.10053,1.10093,1.10034,1.10066,118
1704582900000,1.10066,1.10113,1.10045,1.10083,119
1704583200000,1.10083,1.10135,1.10061,1.10105,120
1704583500000,1.10105,1.10159,1.1008,1.10129,121
1704583800000,1.10129,1.10184,1.10104,1.10156,122
1704584100000,1.10156,1.10209,1.10129,1.10184,123
1704584400000,1.10184,1.10233,1.10156,1.10212,124
1704584700000,1.10212,1.10256,1.10183,1.1024,125
1704585000000,1.1024,1.10277,1.1021,1.10266,126
1704585300000,1.10266,1.10294,1.10236,1.10289,127
1704585600000,1.10289,1.1031,1.10259,1.10309,128
1704585900000,1.10309,1.10333,1.10279,1.10326,129
1704586200000,1.10326,1.10352,1.10297,1.1034,130
1704586500000,1.1034,1.10367,1.10311,1.10349,131
1704586800000,1.10349,1.10378,1.10322,1.10356,132
1704587100000,1.10356,1.10385,1.10329,1.1036,133
1704587400000,1.1036,1.10389,1.10334,1.10361,134
1704587700000,1.10361,1.1039,1.10336,1.1036,135
1704588000000,1.1036,1.1039,1.10337,1.10359,136
1704588300000,1.10359,1.10388,1.10338,1.10358,137
1704588600000,1.10358,1.10385,1.10339,1.10358,138
1704588900000,1.10358,1.10383,1.10342,1.10359,139
1704589200000,1.10359,1.10383,1.10345,1.10363,140
1704589500000,1.10363,1.10385,1.10352,1.1037,141
1704589800000,1.1037,1.1039,1.10361,1.10381,142
1704590100000,1.10381,1.10399,1.10375,1.10395,143
1704590400000,1.10395,1.10416,1.10392,1.10414,144
1704590700000,1.10414,1.10445,1.10414,1.10437,145
1704591000000,1.10437,1.10477,1.10434,1.10463,146
1704591300000,1.10463,1.10511,1.10458,1.10492,147
1704591600000,1.10492,1.10547,1.10485,1.10524,148
1704591900000,1.10524,1.10584,1.10514,1.10557,149
1704592200000,1.10557,1.1062,1.10545,1.10592,100
1704592500000,1.10592,1.10655,1.10576,1.10625,101
1704592800000,1.10625,1.10688,1.10608,1.10658,102
1704593100000,1.10658,1.10716,1.10638,1.10688,103
1704593400000,1.10688,1.10741,1.10666,1.10715,104
1704593700000,1.10715,1.1076,1.10691,1.10737,105
1704594000000,1.10737,1.10774,1.10712,1.10755,106
1704594300000,1.10755,1.10781,1.10729,1.10768,107
1704594600000,1.10768,1.10783,1.1074,1.10775,108
1704594900000,1.10775,1.10779,1.10747,1.10777,109
1704595200000,1.10777,1.10781,1.10744,1.10773,110
1704595500000,1.10773,1.10783,1.10734,1.10764,111
1704595800000,1.10764,1.1078,1.10721,1.10751,112
1704596100000,1.10751,1.10771,1.10703,1.10733,113
1704596400000,1.10733,1.10758,1.10683,1.10713,114
1704596700000,1.10713,1.1074,1.10662,1.10691,115
1704597000000,1.10691,1.1072,1.10639,1.10667,116
1704597300000,1.10667,1.10697,1.10616,1.10644,117
1704597600000,1.10644,1.10673,1.10595,1.10621,118
1704597900000,1.10621,1.10649,1.10575,1.106,119
1704598200000,1.106,1.10625,1.10558,1.10581,120
1704598500000,1.10581,1.10602,1.10544,1.10565,121
1704598800000,1.10565,1.10582,1.10533,1.10552,122
1704599100000,1.10552,1.10564,1.10526,1.10543,123
1704599400000,1.10543,1.10549,1.10522,1.10537,124
1704599700000,1.10537,1.10537,1.10521,1.10534,125
1704600000000,1.10534,1.1054,1.10524,1.10533,126
1704600300000,1.10533,1.10547,1.10526,1.10535,127
1704600600000,1.10535,1.10555,1.1053,1.10538,128
1704600900000,1.10538,1.10563,1.10536,1.10541,129
1704601200000,1.10541,1.10569,1.1054,1.10544,130
1704601500000,1.10544,1.10574,1.10541,1.10546,131
1704601800000,1.10546,1.10575,1.10539,1.10545,132
1704602100000,1.10545,1.10575,1.10533,1.10542,133
1704602400000,1.10542,1.10571,1.10523,1.10535,134
1704602700000,1.10535,1.10562,1.1051,1.10524,135
1704603000000,1.10524,1.10548,1.10492,1.10508,136
1704603300000,1.10508,1.10529,1.1047,1.10489,137
1704603600000,1.10489,1.10504,1.10444,1.10465,138
1704603900000,1.10465,1.10475,1.10414,1.10437,139
1704604200000,1.10437,1.10441,1.10382,1.10406,140
1704604500000,1.10406,1.10407,1.10346,1.10372,141
1704604800000,1.10372,1.1038,1.10309,1.10336,142
1704605100000,1.10336,1.1035,1.10272,1.103,143
1704605400000,1.103,1.10318,1.10235,1.10264,144
1704605700000,1.10264,1.10286,1.10199,1.10229,145
1704606000000,1.10229,1.10255,1.10166,1.10196,146
1704606300000,1.10196,1.10224,1.10136,1.10166,147
1704606600000,1.10166,1.10196,1.10111,1.10141,148
1704606900000,1.10141,1.1017,1.1009,1.1012,149
1704607200000,1.1012,1.10148,1.10075,1.10104,100
1704607500000,1.10104,1.1013,1.10065,1.10093,101
1704607800000,1.10093,1.10116,1.10061,1.10088,102
1704608100000,1.10088,1.10108,1.10063,1.10089,103
1704608400000,1.10089,1.10108,1.10065,1.10094,104
1704608700000,1.10094,1.10112,1.10072,1.10104,105
1704609000000,1.10104,1.1012,1.10083,1.10117,106
1704609300000,1.10117,1.10137,1.10099,1.10134,107
1704609600000,1.10134,1.10162,1.10118,1.10152,108
1704609900000,1.10152,1.10187,1.10138,1.10172,109
1704610200000,1.10172,1.10211,1.1016,1.10191,110
1704610500000,1.10191,1.10234,1.10183,1.1021,111
1704610800000,1.1021,1.10254,1.10204,1.10227,112
1704611100000,1.10227,1.10271,1.10224,1.10242,113
1704611400000,1.10242,1.10285,1.10242,1.10255,114
1704611700000,1.10255,1.10294,1.10253,1.10264,115
1704612000000,1.10264,1.10298,1.10259,1.1027,116
1704612300000,1.1027,1.10299,1.10263,1.10273,117
1704612600000,1.10273,1.10296,1.10263,1.10274,118
1704612900000,1.10274,1.10291,1.1026,1.10272,119
1704613200000,1.10272,1.10284,1.10254,1.10269,120
1704613500000,1.10269,1.10275,1.10247,1.10264,121
1704613800000,1.10264,1.10265,1.10241,1.1026,122
1704614100000,1.1026,1.10265,1.10235,1.10257,123
1704614400000,1.10257,1.10268,1.10232,1.10255,124
1704614700000,1.10255,1.10273,1.10231,1.10257,125
1704615000000,1.10257,1.10282,1.1023,1.10261,126
1704615300000,1.10261,1.10295,1.10234,1.1027,127
1704615600000,1.1027,1.1031,1.10241,1.10283,128
1704615900000,1.10283,1.1033,1.10254,1.10301,129
1704616200000,1.10301,1.10353,1.10271,1.10323,130
1704616500000,1.10323,1.1038,1.10293,1.1035,131
1704616800000,1.1035,1.10409,1.1032,1.10382,132
1704617100000,1.10382,1.10442,1.10352,1.10417,133
1704617400000,1.10417,1.10476,1.10388,1.10455,134
1704617700000,1.10455,1.10512,1.10427,1.10496,135
1704618000000,1.10496,1.10548,1.10468,1.10537,136
1704618300000,1.10537,1.10584,1.10511,1.10579,137
1704618600000,1.10579,1.1062,1.10554,1.10619,138
1704618900000,1.10619,1.10665,1.10596,1.10658,139
1704619200000,1.10658,1.10706,1.10636,1.10694,140
1704619500000,1.10694,1.10743,1.10674,1.10726,141
1704619800000,1.10726,1.10776,1.10708,1.10753,142
1704620100000,1.10753,1.10802,1.10738,1.10776,143
1704620400000,1.10776,1.10822,1.10763,1.10794,144
1704620700000,1.10794,1.10836,1.10784,1.10806,145
1704621000000,1.10806,1.10844,1.10799,1.10814,146
1704621300000,1.10814,1.10845,1.10809,1.10816,147
1704621600000,1.10816,1.10843,1.10813,1.10815,148
1704621900000,1.10815,1.10839,1.1081,1.1081,149
1704622200000,1.1081,1.1083,1.10799,1.10803,100
1704622500000,1.10803,1.10817,1.10787,1.10793,101
1704622800000,1.10793,1.10802,1.10775,1.10783,102
1704623100000,1.10783,1.10786,1.10762,1.10773,103
1704623400000,1.10773,1.10776,1.1075,1.10764,104
1704623700000,1.10764,1.10773,1.10741,1.10757,105
1704624000000,1.10757,1.10771,1.10733,1.10751,106
1704624300000,1.10751,1.1077,1.10729,1.10749,107
1704624600000,1.10749,1.10773,1.10727,1.10749,108
1704624900000,1.10749,1.10779,1.10725,1.10753,109
1704625200000,1.10753,1.10788,1.10727,1.10759,110
1704625500000,1.10759,1.10798,1.10732,1.10768,111
1704625800000,1.10768,1.10809,1.1074,1.10779,112
1704626100000,1.10779,1.1082,1.1075,1.10791,113
1704626400000,1.10791,1.1083,1.10762,1.10804,114
1704626700000,1.10804,1.10839,1.10774,1.10816,115
1704627000000,1.10816,1.10845,1.10786,1.10827,116
1704627300000,1.10827,1.10849,1.10797,1.10836,117
1704627600000,1.10836,1.10849,1.10806,1.10841,118
1704627900000,1.10841,1.10845,1.10812,1.10843,119
1704628200000,1.10843,1.10848,1.10812,1.10841,120
1704628500000,1.10841,1.10851,1.10806,1.10833,121
1704628800000,1.10833,1.10849,1.10794,1.1082,122
1704629100000,1.1082,1.10841,1.10778,1.10802,123
1704629400000,1.10802,1.10827,1.10757,1.10779,124
1704629700000,1.10779,1.10807,1.10731,1.10752,125
1704630000000,1.10752,1.10781,1.10701,1.1072,126
1704630300000,1.1072,1.1075,1.10668,1.10685,127
1704630600000,1.10685,1.10714,1.10633,1.10647,128
1704630900000,1.10647,1.10675,1.10597,1.10608,129
1704631200000,1.10608,1.10633,1.1056,1.10569,130
1704631500000,1.10569,1.1059,1.10523,1.1053,131
1704631800000,1.1053,1.10547,1.10489,1.10492,132
1704632100000,1.10492,1.10504,1.10457,1.10458,133
1704632400000,1.10458,1.10463,1.10425,1.10426,134
1704632700000,1.10426,1.10426,1.10394,1.10399,135
1704633000000,1.10399,1.10405,1.10369,1.10376,136
1704633300000,1.10376,1.10388,1.10348,1.10357,137
1704633600000,1.10357,1.10374,1.10331,1.10344,138
1704633900000,1.10344,1.10365,1.1032,1.10335,139
1704634200000,1.10335,1.1036,1.10313,1.1033,140
1704634500000,1.1033,1.10358,1.1031,1.10329,141
1704634800000,1.10329,1.1036,1.10308,1.10331,142
1704635100000,1.10331,1.10365,1.10308,1.10335,143
1704635400000,1.10335,1.10369,1.1031,1.1034,144
1704635700000,1.1034,1.10373,1.10314,1.10346,145
1704636000000,1.10346,1.10376,1.10319,1.10351,146
1704636300000,1.10351,1.10376,1.10323,1.10356,147
1704636600000,1.10356,1.10373,1.10326,1.10358,148
1704636900000,1.10358,1.10367,1.10328,1.10357,149
1704637200000,1.10357,1.10361,1.10324,1.10354,100
1704637500000,1.10354,1.10356,1.10317,1.10347,101
1704637800000,1.10347,1.10355,1.10308,1.10338,102
1704638100000,1.10338,1.10351,1.10296,1.10325,103
1704638400000,1.10325,1.10344,1.10281,1.1031,104
1704638700000,1.1031,1.10333,1.10265,1.10293,105
1704639000000,1.10293,1.10319,1.10248,1.10274,106
1704639300000,1.10274,1.10303,1.1023,1.10255,107
1704639600000,1.10255,1.10285,1.10214,1.10237,108
1704639900000,1.10237,1.10267,1.10198,1.1022,109
1704640200000,1.1022,1.10249,1.10186,1.10206,110
1704640500000,1.10206,1.10232,1.10177,1.10195,111
1704640800000,1.10195,1.10218,1.10172,1.10188,112
1704641100000,1.10188,1.10206,1.10172,1.10185,113
1704641400000,1.10185,1.10202,1.10175,1.10188,114
1704641700000,1.10188,1.10204,1.1018,1.10196,115
1704642000000,1.10196,1.10212,1.10191,1.10209,116
1704642300000,1.10209,1.10232,1.10207,1.10228,117
1704642600000,1.10228,1.10261,1.10228,1.10252,118
1704642900000,1.10252,1.10294,1.10249,1.10279,119
1704643200000,1.10279,1.10331,1.10274,1.10311,120
1704643500000,1.10311,1.10369,1.10303,1.10345,121
1704643800000,1.10345,1.10408,1.10334,1.10381,122
1704644100000,1.10381,1.10446,1.10367,1.10417,123
1704644400000,1.10417,1.10483,1.10401,1.10453,124
1704644700000,1.10453,1.10517,1.10435,1.10487,125
1704645000000,1.10487,1.10548,1.10467,1.1052,126
1704645300000,1.1052,1.10574,1.10498,1.10549,127
1704645600000,1.10549,1.10596,1.10525,1.10574,128
1704645900000,1.10574,1.10613,1.10549,1.10596,129
1704646200000,1.10596,1.10625,1.10569,1.10613,130
1704646500000,1.10613,1.10632,1.10585,1.10625,131
1704646800000,1.10625,1.10634,1.10597,1.10634,132
1704647100000,1.10634,1.10644,1.10604,1.10638,133
1704647400000,1.10638,1.10651,1.10608,1.10639,134
1704647700000,1.10639,1.10656,1.10608,1.10638,135
1704648000000,1.10638,1.10659,1.10605,1.10635,136
1704648300000,1.10635,1.1066,1.10601,1.1063,137
1704648600000,1.1063,1.10658,1.10597,1.10626,138
1704648900000,1.10626,1.10656,1.10595,1.10623,139
1704649200000,1.10623,1.10653,1.10594,1.10621,140
1704649500000,1.10621,1.10651,1.10595,1.10621,141
1704649800000,1.10621,1.10652,1.10597,1.10625,142
1704650100000,1.10625,1.10656,1.10602,1.10631,143
1704650400000,1.10631,1.10661,1.1061,1.10641,144
1704650700000,1.10641,1.1067,1.10622,1.10654,145
1704651000000,1.10654,1.1068,1.10637,1.1067,146
1704651300000,1.1067,1.10693,1.10655,1.10688,147
1704651600000,1.10688,1.1071,1.10676,1.10709,148
1704651900000,1.10709,1.10738,1.10699,1.1073,149
1704652200000,1.1073,1.10765,1.10724,1.10752,100
1704652500000,1.10752,1.10792,1.10748,1.10774,101
1704652800000,1.10774,1.10816,1.10772,1.10793,102
1704653100000,1.10793,1.10837,1.10792,1.10811,103
1704653400000,1.10811,1.10853,1.10807,1.10824,104
1704653700000,1.10824,1.10863,1.10818,1.10834,105
1704654000000,1.10834,1.10868,1.10824,1.10838,106
1704654300000,1.10838,1.10867,1.10826,1.10837,107
1704654600000,1.10837,1.10864,1.10817,1.10831,108
1704654900000,1.10831,1.10855,1.10802,1.10819,109
1704655200000,1.10819,1.10838,1.10783,1.10802,110
1704655500000,1.10802,1.10816,1.10758,1.10779,111
1704655800000,1.10779,1.10788,1.1073,1.10752,112
1704656100000,1.10752,1.10755,1.10697,1.10722,113
1704656400000,1.10722,1.10725,1.10662,1.10688,114
1704656700000,1.10688,1.10697,1.10625,1.10653,115
1704657000000,1.10653,1.10667,1.10588,1.10616,116
1704657300000,1.10616,1.10636,1.10551,1.1058,117
1704657600000,1.1058,1.10604,1.10516,1.10545,118
1704657900000,1.10545,1.10572,1.10482,1.10512,119
1704658200000,1.10512,1.10541,1.10452,1.10482,120
1704658500000,1.10482,1.10512,1.10425,1.10455,121
1704658800000,1.10455,1.10485,1.10403,1.10432,122
1704659100000,1.10432,1.1046,1.10384,1.10413,123
1704659400000,1.10413,1.10439,1.1037,1.10398,124
1704659700000,1.10398,1.1042,1.1036,1.10387,125
1704660000000,1.10387,1.10405,1.10354,1.10379,126
1704660300000,1.10379,1.10392,1.1035,1.10374,127
1704660600000,1.10374,1.10381,1.10349,1.10371,128
1704660900000,1.10371,1.10372,1.10349,1.10369,129
1704661200000,1.10369,1.10374,1.1035,1.10368,130
1704661500000,1.10368,1.10379,1.10351,1.10367,131
1704661800000,1.10367,1.10383,1.10351,1.10364,132
1704662100000,1.10364,1.10385,1.10348,1.10359,133
1704662400000,1.10359,1.10384,1.10343,1.10352,134
1704662700000,1.10352,1.10379,1.10335,1.10341,135
1704663000000,1.10341,1.1037,1.10324,1.10327,136
1704663300000,1.10327,1.10357,1.10309,1.10309,137
1704663600000,1.10309,1.10339,1.10286,1.10288,138
1704663900000,1.10288,1.10316,1.10259,1.10264,139
1704664200000,1.10264,1.10289,1.10229,1.10237,140
1704664500000,1.10237,1.10258,1.10197,1.10208,141
1704664800000,1.10208,1.10224,1.10164,1.10177,142
1704665100000,1.10177,1.10189,1.10131,1.10147,143
1704665400000,1.10147,1.10152,1.10099,1.10117,144
1704665700000,1.10117,1.10117,1.10069,1.10089,145
1704666000000,1.10089,1.10095,1.10041,1.10063,146
1704666300000,1.10063,1.10075,1.10017,1.10041,147
1704666600000,1.10041,1.10058,1.09998,1.10023,148
1704666900000,1.10023,1.10045,1.09984,1.1001,149
1704667200000,1.1001,1.10036,1.09976,1.10003,100
1704667500000,1.10003,1.10031,1.09973,1.10002,101
1704667800000,1.10002,1.10035,1.09972,1.10006,102
1704668100000,1.10006,1.10045,1.09976,1.10015,103
1704668400000,1.10015,1.1006,1.09986,1.1003,104
1704668700000,1.1003,1.10077,1.1,1.1005,105
1704669000000,1.1005,1.10097,1.1002,1.10073,106
1704669300000,1.10073,1.1012,1.10044,1.101,107
1704669600000,1.101,1.10143,1.10071,1.10128,108
1704669900000,1.10128,1.10167,1.10101,1.10158,109
1704670200000,1.10158,1.10191,1.10132,1.10187,110
1704670500000,1.10187,1.10218,1.10163,1.10216,111
1704670800000,1.10216,1.10251,1.10193,1.10243,112
1704671100000,1.10243,1.10282,1.10222,1.10268,113
1704671400000,1.10268,1.10308,1.10249,1.10289,114
1704671700000,1.10289,1.10331,1.10272,1.10307,115
1704672000000,1.10307,1.10348,1.10293,1.10322,116
1704672300000,1.10322,1.10362,1.1031,1.10333,117
1704672600000,1.10333,1.10371,1.10323,1.10341,118
1704672900000,1.10341,1.10376,1.10334,1.10346,119
1704673200000,1.10346,1.10377,1.10341,1.10348,120
1704673500000,1.10348,1.10376,1.10347,1.1035,121
1704673800000,1.1035,1.10373,1.10349,1.1035,122
1704674100000,1.1035,1.10369,1.10346,1.1035,123
1704674400000,1.1035,1.10365,1.10344,1.10352,124
1704674700000,1.10352,1.10363,1.10343,1.10355,125
1704675000000,1.10355,1.10363,1.10344,1.10361,126
1704675300000,1.10361,1.10374,1.10347,1.1037,127
1704675600000,1.1037,1.10393,1.10354,1.10383,128
1704675900000,1.10383,1.10415,1.10365,1.104,129
1704676200000,1.104,1.10441,1.10379,1.10421,130
1704676500000,1.10421,1.1047,1.10398,1.10445,131
1704676800000,1.10445,1.10501,1.10421,1.10474,132
1704677100000,1.10474,1.10534,1.10448,1.10505,133
1704677400000,1.10505,1.10569,1.10478,1.10539,134
1704677700000,1.10539,1.10604,1.10511,1.10574,135
1704678000000,1.10574,1.10638,1.10545,1.1061,136
1704678300000,1.1061,1.1067,1.1058,1.10645,137
1704678600000,1.10645,1.10701,1.10615,1.10679,138
1704678900000,1.10679,1.10727,1.10649,1.1071,139
1704679200000,1.1071,1.1075,1.1068,1.10738,140
1704679500000,1.10738,1.10768,1.10709,1.10762,141
1704679800000,1.10762,1.10781,1.10733,1.10781,142
1704680100000,1.10781,1.108,1.10753,1.10795,143
1704680400000,1.10795,1.10814,1.10768,1.10803,144
1704680700000,1.10803,1.10822,1.10777,1.10805,145
1704681000000,1.10805,1.10827,1.10778,1.10802,146
1704681300000,1.10802,1.10827,1.10772,1.10794,147
1704681600000,1.10794,1.10822,1.10762,1.10782,148
1704681900000,1.10782,1.10811,1.10747,1.10766,149
1704682200000,1.10766,1.10796,1.1073,1.10746,100
1704682500000,1.10746,1.10776,1.10712,1.10725,101
1704682800000,1.10725,1.10753,1.10692,1.10703,102
1704683100000,1.10703,1.10728,1.10673,1.10681,103
1704683400000,1.10681,1.10701,1.10654,1.1066,104
1704683700000,1.1066,1.10675,1.10637,1.1064,105
1704684000000,1.1064,1.1065,1.10622,1.10623,106
1704684300000,1.10623,1.10627,1.10606,1.10609,107
1704684600000,1.10609,1.1061,1.10592,1.10597,108
1704684900000,1.10597,1.10605,1.10582,1.1059,109
1704685200000,1.1059,1.10603,1.10575,1.10585,110
1704685500000,1.10585,1.10603,1.10571,1.10584,111
1704685800000,1.10584,1.10607,1.10568,1.10585,112
1704686100000,1.10585,1.10613,1.10567,1.10587,113
1704686400000,1.10587,1.1062,1.10568,1.10591,114
1704686700000,1.10591,1.10626,1.1057,1.10596,115
1704687000000,1.10596,1.10629,1.10572,1.106,116
1704687300000,1.106,1.10631,1.10575,1.10602,117
1704687600000,1.10602,1.10628,1.10575,1.10602,118
1704687900000,1.10602,1.10625,1.10571,1.10599,119
1704688200000,1.10599,1.10618,1.10564,1.10592,120
1704688500000,1.10592,1.10606,1.10552,1.10581,121
1704688800000,1.10581,1.1059,1.10537,1.10566,122
1704689100000,1.10566,1.10569,1.10517,1.10547,123
1704689400000,1.10547,1.1055,1.10493,1.10523,124
1704689700000,1.10523,1.10532,1.10466,1.10496,125
1704690000000,1.10496,1.1051,1.10436,1.10465,126
1704690300000,1.10465,1.10484,1.10403,1.10431,127
1704690600000,1.10431,1.10455,1.10369,1.10396,128
1704690900000,1.10396,1.10423,1.10334,1.1036,129
1704691200000,1.1036,1.10389,1.10299,1.10324,130
1704691500000,1.10324,1.10354,1.10267,1.1029,131
1704691800000,1.1029,1.1032,1.10236,1.10258,132
1704692100000,1.10258,1.10286,1.1021,1.10229,133
1704692400000,1.10229,1.10255,1.10187,1.10204,134
1704692700000,1.10204,1.10226,1.10169,1.10184,135
1704693000000,1.10184,1.10202,1.10156,1.10169,136
1704693300000,1.10169,1.10181,1.10149,1.10159,137
1704693600000,1.10159,1.10166,1.10148,1.10155,138
1704693900000,1.10155,1.10157,1.1015,1.10156,139
1704694200000,1.10156,1.10167,1.10154,1.10162,140
1704694500000,1.10162,1.10183,1.10161,1.10172,141
1704694800000,1.10172,1.10202,1.10169,1.10186,142
1704695100000,1.10186,1.10223,1.1018,1.10203,143
1704695400000,1.10203,1.10246,1.10194,1.10221,144
1704695700000,1.10221,1.10268,1.1021,1.1024,145
1704696000000,1.1024,1.10289,1.10227,1.1026,146
1704696300000,1.1026,1.10308,1.10244,1.10278,147
1704696600000,1.10278,1.10324,1.1026,1.10295,148
1704696900000,1.10295,1.10337,1.10275,1.10309,149
1704697200000,1.10309,1.10346,1.10287,1.10321,100
1704697500000,1.10321,1.1035,1.10297,1.1033,101
1704697800000,1.1033,1.10351,1.10304,1.10335,102
1704698100000,1.10335,1.10348,1.10308,1.10337,103
1704698400000,1.10337,1.10342,1.10309,1.10337,104
1704698700000,1.10337,1.10338,1.10305,1.10334,105
1704699000000,1.10334,1.10341,1.10301,1.1033,106
1704699300000,1.1033,1.10342,1.10295,1.10325,107
1704699600000,1.10325,1.10343,1.1029,1.1032,108
1704699900000,1.1032,1.10342,1.10286,1.10316,109
1704700200000,1.10316,1.10342,1.10285,1.10314,110
1704700500000,1.10314,1.10343,1.10285,1.10315,111
1704700800000,1.10315,1.10349,1.10287,1.10319,112
1704701100000,1.10319,1.10357,1.10292,1.10327,113
1704701400000,1.10327,1.10369,1.10302,1.1034,114
1704701700000,1.1034,1.10384,1.10316,1.10357,115
1704702000000,1.10357,1.10403,1.10335,1.1038,116
1704702300000,1.1038,1.10426,1.10359,1.10406,117
1704702600000,1.10406,1.10452,1.10388,1.10437,118
1704702900000,1.10437,1.10481,1.10421,1.10472,119
1704703200000,1.10472,1.10513,1.10458,1.10509,120
1704703500000,1.10509,1.10551,1.10498,1.10548,121
1704703800000,1.10548,1.10597,1.1054,1.10589,122
1704704100000,1.10589,1.10643,1.10583,1.10629,123
1704704400000,1.10629,1.10687,1.10626,1.10668,124
1704704700000,1.10668,1.10729,1.10668,1.10705,125
1704705000000,1.10705,1.10766,1.10703,1.10739,126
1704705300000,1.10739,1.10799,1.10735,1.1077,127
1704705600000,1.1077,1.10825,1.10762,1.10796,128
1704705900000,1.10796,1.10846,1.10786,1.10816,129
1704706200000,1.10816,1.10861,1.10804,1.10832,130
1704706500000,1.10832,1.10869,1.10817,1.10843,131
1704706800000,1.10843,1.10871,1.10825,1.10848,132
1704707100000,1.10848,1.10867,1.10829,1.10849,133
1704707400000,1.10849,1.10862,1.10824,1.10845,134
1704707700000,1.10845,1.10853,1.10815,1.10839,135
1704708000000,1.10839,1.1084,1.10805,1.10829,136
1704708300000,1.10829,1.10834,1.10792,1.10818,137
1704708600000,1.10818,1.10829,1.10779,1.10807,138
1704708900000,1.10807,1.10822,1.10767,1.10795,139
1704709200000,1.10795,1.10815,1.10755,1.10785,140
1704709500000,1.10785,1.10809,1.10746,1.10776,141
1704709800000,1.10776,1.10803,1.10739,1.10769,142
1704710100000,1.10769,1.10798,1.10735,1.10765,143
1704710400000,1.10765,1.10795,1.10735,1.10765,144
1704710700000,1.10765,1.10796,1.10735,1.10767,145
1704711000000,1.10767,1.108,1.10738,1.10772,146
1704711300000,1.10772,1.10805,1.10744,1.10779,147
1704711600000,1.10779,1.1081,1.10753,1.10789,148
1704711900000,1.10789,1.10816,1.10764,1.10799,149
1704712200000,1.10799,1.10822,1.10776,1.1081,100
1704712500000,1.1081,1.10827,1.10789,1.10821,101
1704712800000,1.10821,1.1083,1.10801,1.1083,102
1704713100000,1.1083,1.10843,1.10812,1.10837,103
1704713400000,1.10837,1.10852,1.10821,1.1084,104
1704713700000,1.1084,1.10857,1.10827,1.1084,105
1704714000000,1.1084,1.10861,1.10825,1.10835,106
1704714300000,1.10835,1.1086,1.10818,1.10825,107
1704714600000,1.10825,1.10853,1.10805,1.1081,108
1704714900000,1.1081,1.1084,1.10788,1.1079,109
1704715200000,1.1079,1.1082,1.10764,1.10765,110
1704715500000,1.10765,1.10794,1.10732,1.10735,111
1704715800000,1.10735,1.10762,1.10695,1.10701,112
1704716100000,1.10701,1.10725,1.10656,1.10664,113
1704716400000,1.10664,1.10684,1.10614,1.10625,114
1704716700000,1.10625,1.1064,1.1057,1.10584,115
1704717000000,1.10584,1.10594,1.10527,1.10543,116
1704717300000,1.10543,1.10547,1.10484,1.10503,117
1704717600000,1.10503,1.10504,1.10444,1.10464,118
1704717900000,1.10464,1.10472,1.10406,1.10428,119
1704718200000,1.10428,1.10441,1.10371,1.10395,120
1704718500000,1.10395,1.10414,1.10341,1.10367,121
1704718800000,1.10367,1.10389,1.10316,1.10343,122
1704719100000,1.10343,1.10369,1.10296,1.10323,123
1704719400000,1.10323,1.10352,1.1028,1.10309,124
1704719700000,1.10309,1.10339,1.1027,1.10299,125
1704720000000,1.10299,1.10329,1.10263,1.10293,126
1704720300000,1.10293,1.10322,1.10261,1.10291,127
1704720600000,1.10291,1.10318,1.10261,1.10292,128
1704720900000,1.10292,1.10318,1.10262,1.10295,129
1704721200000,1.10295,1.10318,1.10266,1.10299,130
1704721500000,1.10299,1.10317,1.10271,1.10304,131
1704721800000,1.10304,1.10316,1.10277,1.10308,132
1704722100000,1.10308,1.10313,1.10282,1.1031,133
1704722400000,1.1031,1.10314,1.10286,1.10311,134
1704722700000,1.10311,1.1032,1.10286,1.10309,135
1704723000000,1.10309,1.10324,1.10283,1.10304,136
1704723300000,1.10304,1.10324,1.10277,1.10296,137
1704723600000,1.10296,1.1032,1.10268,1.10285,138
1704723900000,1.10285,1.10312,1.10257,1.10271,139
1704724200000,1.10271,1.103,1.10243,1.10254,140
1704724500000,1.10254,1.10284,1.10227,1.10236,141
1704724800000,1.10236,1.10266,1.1021,1.10217,142
1704725100000,1.10217,1.10245,1.10193,1.10197,143
1704725400000,1.10197,1.10223,1.10177,1.10178,144
1704725700000,1.10178,1.102,1.10159,1.1016,145
1704726000000,1.1016,1.10178,1.10141,1.10146,146
1704726300000,1.10146,1.10158,1.10127,1.10134,147
1704726600000,1.10134,1.10141,1.10117,1.10127,148
1704726900000,1.10127,1.10127,1.10112,1.10124,149
1704727200000,1.10124,1.10132,1.10109,1.10127,100
1704727500000,1.10127,1.10146,1.1011,1.10135,101
1704727800000,1.10135,1.10165,1.10116,1.10148,102
1704728100000,1.10148,1.10188,1.10127,1.10167,103
1704728400000,1.10167,1.10215,1.10144,1.10191,104
1704728700000,1.10191,1.10246,1.10166,1.10218,105
1704729000000,1.10218,1.10279,1.10192,1.1025,106
1704729300000,1.1025,1.10314,1.10222,1.10284,107
1704729600000,1.10284,1.10348,1.10255,1.10319,108
1704729900000,1.10319,1.10383,1.1029,1.10355,109
1704730200000,1.10355,1.10415,1.10325,1.10391,110
1704730500000,1.10391,1.10446,1.10361,1.10425,111
1704730800000,1.10425,1.10473,1.10395,1.10457,112
1704731100000,1.10457,1.10496,1.10427,1.10485,113
1704731400000,1.10485,1.10515,1.10456,1.1051,114
1704731700000,1.1051,1.10532,1.10482,1.10531,115
1704732000000,1.10531,1.10554,1.10503,1.10547,116
1704732300000,1.10547,1.10572,1.10521,1.1056,117
1704732600000,1.1056,1.10585,1.10534,1.10567,118
1704732900000,1.10567,1.10594,1.10544,1.10572,119
1704733200000,1.10572,1.10598,1.1055,1.10573,120
1704733500000,1.10573,1.10601,1.10551,1.10571,121
1704733800000,1.10571,1.10601,1.1055,1.10568,122
1704734100000,1.10568,1.10598,1.10549,1.10564,123
1704734400000,1.10564,1.10593,1.10547,1.1056,124
1704734700000,1.1056,1.10587,1.10547,1.10557,125
1704735000000,1.10557,1.10581,1.10548,1.10556,126
1704735300000,1.10556,1.10577,1.10551,1.10557,127
1704735600000,1.10557,1.10576,1.10555,1.10561,128
1704735900000,1.10561,1.10578,1.10561,1.10569,129
1704736200000,1.10569,1.10582,1.10566,1.10579,130
1704736500000,1.10579,1.10596,1.10574,1.10593,131
1704736800000,1.10593,1.10619,1.10585,1.1061,132
1704737100000,1.1061,1.10644,1.10599,1.1063,133
1704737400000,1.1063,1.1067,1.10616,1.10651,134
1704737700000,1.10651,1.10697,1.10635,1.10674,135
1704738000000,1.10674,1.10723,1.10656,1.10696,136
1704738300000,1.10696,1.10747,1.10676,1.10718,137
1704738600000,1.10718,1.10769,1.10696,1.10739,138
1704738900000,1.10739,1.10786,1.10715,1.10756,139
1704739200000,1.10756,1.10799,1.10731,1.1077,140
1704739500000,1.1077,1.10806,1.10744,1.1078,141
1704739800000,1.1078,1.10808,1.10752,1.10785,142
1704740100000,1.10785,1.10803,1.10756,1.10785,143
1704740400000,1.10785,1.10798,1.1075,1.10779,144
1704740700000,1.10779,1.10786,1.10738,1.10767,145
1704741000000,1.10767,1.10769,1.10721,1.10751,146
1704741300000,1.10751,1.10755,1.10699,1.10729,147
1704741600000,1.10729,1.10739,1.10673,1.10702,148
1704741900000,1.10702,1.10718,1.10644,1.10673,149
1704742200000,1.10673,1.10693,1.10612,1.1064,100
1704742500000,1.1064,1.10664,1.10579,1.10606,101
1704742800000,1.10606,1.10633,1.10545,1.10571,102
1704743100000,1.10571,1.106,1.10511,1.10536,103
1704743400000,1.10536,1.10566,1.1048,1.10503,104
1704743700000,1.10503,1.10532,1.1045,1.10471,105
1704744000000,1.10471,1.10499,1.10424,1.10443,106
1704744300000,1.10443,1.10468,1.10401,1.10418,107
1704744600000,1.10418,1.10439,1.10382,1.10397,108
1704744900000,1.10397,1.10413,1.10367,1.10379,109
1704745200000,1.10379,1.10391,1.10357,1.10366,110
1704745500000,1.10366,1.10372,1.1035,1.10357,111
1704745800000,1.10357,1.10357,1.10347,1.10351,112
1704746100000,1.10351,1.10357,1.10346,1.10348,113
1704746400000,1.10348,1.1036,1.10345,1.10347,114
1704746700000,1.10347,1.10364,1.10343,1.10347,115
1704747000000,1.10347,1.10369,1.1034,1.10347,116
1704747300000,1.10347,1.10373,1.10338,1.10347,117
1704747600000,1.10347,1.10375,1.10334,1.10346,118
1704747900000,1.10346,1.10375,1.10328,1.10342,119
1704748200000,1.10342,1.10372,1.10319,1.10336,120
1704748500000,1.10336,1.10365,1.10308,1.10327,121
1704748800000,1.10327,1.10354,1.10293,1.10314,122
1704749100000,1.10314,1.10338,1.10275,1.10298,123
1704749400000,1.10298,1.10318,1.10253,1.10278,124
1704749700000,1.10278,1.10293,1.10229,1.10255,125
1704750000000,1.10255,1.10264,1.10202,1.10229,126
1704750300000,1.10229,1.10233,1.10173,1.10201,127
1704750600000,1.10201,1.10203,1.10144,1.10173,128
1704750900000,1.10173,1.10181,1.10114,1.10144,129
1704751200000,1.10144,1.10157,1.10086,1.10116,130
1704751500000,1.10116,1.10134,1.10059,1.10089,131
1704751800000,1.10089,1.10112,1.10036,1.10066,132
1704752100000,1.10066,1.10092,1.10016,1.10046,133
1704752400000,1.10046,1.10074,1.10002,1.1003,134
1704752700000,1.1003,1.1006,1.09992,1.1002,135
1704753000000,1.1002,1.1005,1.09988,1.10015,136
1704753300000,1.10015,1.10044,1.09989,1.10016,137
1704753600000,1.10016,1.10048,1.09992,1.10022,138
1704753900000,1.10022,1.10057,1.1,1.10034,139
1704754200000,1.10034,1.1007,1.10014,1.10051,140
1704754500000,1.10051,1.10086,1.10033,1.10073,141
1704754800000,1.10073,1.10106,1.10057,1.10098,142
1704755100000,1.10098,1.10129,1.10085,1.10126,143
1704755400000,1.10126,1.1016,1.10116,1.10157,144
1704755700000,1.10157,1.10197,1.10148,1.10188,145
1704756000000,1.10188,1.10234,1.10182,1.10219,146
1704756300000,1.10219,1.10269,1.10216,1.10249,147
1704756600000,1.10249,1.10301,1.10249,1.10277,148
1704756900000,1.10277,1.1033,1.10275,1.10303,149
1704757200000,1.10303,1.10355,1.10298,1.10326,100
1704757500000,1.10326,1.10375,1.10318,1.10345,101
1704757800000,1.10345,1.1039,1.10334,1.1036,102
1704758100000,1.1036,1.10401,1.10347,1.10372,103
1704758400000,1.10372,1.10407,1.10357,1.10381,104
1704758700000,1.10381,1.10409,1.10364,1.10387,105
1704759000000,1.10387,1.10408,1.10367,1.10391,106
1704759300000,1.10391,1.10405,1.10369,1.10393,107
1704759600000,1.10393,1.10401,1.1037,1.10395,108
1704759900000,1.10395,1.10397,1.1037,1.10397,109
1704760200000,1.10397,1.10405,1.1037,1.10399,110
1704760500000,1.10399,1.10415,1.10372,1.10404,111
1704760800000,1.10404,1.10428,1.10376,1.10412,112
1704761100000,1.10412,1.10443,1.10382,1.10422,113
1704761400000,1.10422,1.10462,1.10392,1.10437,114
1704761700000,1.10437,1.10483,1.10407,1.10455,115
1704762000000,1.10455,1.10507,1.10425,1.10477,116
1704762300000,1.10477,1.10533,1.10448,1.10503,117
1704762600000,1.10503,1.10562,1.10474,1.10533,118
1704762900000,1.10533,1.10593,1.10505,1.10566,119
1704763200000,1.10566,1.10625,1.10538,1.106,120
1704763500000,1.106,1.10657,1.10574,1.10636,121
1704763800000,1.10636,1.10689,1.10612,1.10673,122
1704764100000,1.10673,1.10719,1.1065,1.10709,123
1704764400000,1.10709,1.10748,1.10688,1.10743,124
1704764700000,1.10743,1.10776,1.10724,1.10775,125
1704765000000,1.10775,1.1081,1.10758,1.10803,126
1704765300000,1.10803,1.1084,1.10788,1.10827,127
1704765600000,1.10827,1.10864,1.10815,1.10846,128
1704765900000,1.10846,1.10882,1.10836,1.1086,129
1704766200000,1.1086,1.10893,1.10852,1.10867,130
1704766500000,1.10867,1.10898,1.10863,1.1087,131
1704766800000,1.1087,1.109,1.10865,1.10867,132
1704767100000,1.10867,1.10897,1.10858,1.10859,133
1704767400000,1.10859,1.10887,1.10842,1.10846,134
1704767700000,1.10846,1.10873,1.10823,1.1083,135
1704768000000,1.1083,1.10853,1.10801,1.1081,136
1704768300000,1.1081,1.1083,1.10778,1.10789,137
1704768600000,1.10789,1.10804,1.10753,1.10767,138
1704768900000,1.10767,1.10776,1.10729,1.10745,139
1704769200000,1.10745,1.10748,1.10706,1.10724,140
1704769500000,1.10724,1.10727,1.10684,1.10705,141
1704769800000,1.10705,1.10714,1.10666,1.10688,142
1704770100000,1.10688,1.10703,1.1065,1.10674,143
1704770400000,1.10674,1.10693,1.10637,1.10663,144
1704770700000,1.10663,1.10687,1.10629,1.10656,145
1704771000000,1.10656,1.10682,1.10623,1.10651,146
1704771300000,1.10651,1.1068,1.10621,1.1065,147
1704771600000,1.1065,1.10681,1.1062,1.10651,148
1704771900000,1.10651,1.10683,1.10621,1.10654,149
1704772200000,1.10654,1.10686,1.10624,1.10657,100
1704772500000,1.10657,1.10687,1.10628,1.10661,101
1704772800000,1.10661,1.10687,1.10632,1.10665,102
1704773100000,1.10665,1.10684,1.10636,1.10666,103
1704773400000,1.10666,1.10679,1.10637,1.10665,104
1704773700000,1.10665,1.10673,1.10635,1.10661,105
1704774000000,1.10661,1.10663,1.10628,1.10654,106
1704774300000,1.10654,1.10659,1.10618,1.10642,107
1704774600000,1.10642,1.10653,1.10604,1.10626,108
1704774900000,1.10626,1.10642,1.10585,1.10605,109
1704775200000,1.10605,1.10626,1.10562,1.1058,110
1704775500000,1.1058,1.10605,1.10535,1.10551,111
1704775800000,1.10551,1.10579,1.10506,1.10519,112
1704776100000,1.10519,1.10549,1.10474,1.10485,113
1704776400000,1.10485,1.10515,1.1044,1.10449,114
1704776700000,1.10449,1.10478,1.10406,1.10412,115
1704777000000,1.10412,1.10439,1.10372,1.10375,116
1704777300000,1.10375,1.104,1.10339,1.1034,117
1704777600000,1.1034,1.10361,1.10305,1.10307,118
1704777900000,1.10307,1.10324,1.10273,1.10278,119
1704778200000,1.10278,1.10289,1.10245,1.10252,120
1704778500000,1.10252,1.10258,1.10221,1.10232,121
1704778800000,1.10232,1.10232,1.10203,1.10216,122
1704779100000,1.10216,1.10222,1.10191,1.10206,123
1704779400000,1.10206,1.10218,1.10184,1.10201,124
1704779700000,1.10201,1.10219,1.10181,1.10201,125
1704780000000,1.10201,1.10228,1.1018,1.10207,126
1704780300000,1.10207,1.10242,1.10183,1.10216,127
1704780600000,1.10216,1.10257,1.10191,1.10229,128
1704780900000,1.10229,1.10274,1.10203,1.10244,129
1704781200000,1.10244,1.10292,1.10217,1.10262,130
1704781500000,1.10262,1.10309,1.10233,1.1028,131
1704781800000,1.1028,1.10325,1.1025,1.10298,132
1704782100000,1.10298,1.10338,1.10268,1.10314,133
1704782400000,1.10314,1.10349,1.10284,1.10329,134
1704782700000,1.10329,1.10357,1.103,1.10342,135
1704783000000,1.10342,1.10361,1.10312,1.10352,136
1704783300000,1.10352,1.10362,1.10323,1.10359,137
1704783600000,1.10359,1.10364,1.1033,1.10362,138
1704783900000,1.10362,1.10371,1.10335,1.10362,139
1704784200000,1.10362,1.10376,1.10334,1.1036,140
1704784500000,1.1036,1.10379,1.10331,1.10356,141
1704784800000,1.10356,1.10379,1.10327,1.1035,142
1704785100000,1.1035,1.10376,1.10322,1.10343,143
1704785400000,1.10343,1.10372,1.10317,1.10337,144
1704785700000,1.10337,1.10367,1.10314,1.10332,145
1704786000000,1.10332,1.10361,1.10313,1.10328,146
1704786300000,1.10328,1.10357,1.10315,1.10328,147
1704786600000,1.10328,1.10357,1.10318,1.10331,148
1704786900000,1.10331,1.1036,1.10323,1.10338,149
1704787200000,1.10338,1.10368,1.10333,1.10349,100
1704787500000,1.10349,1.10379,1.10347,1.10365,101
1704787800000,1.10365,1.10394,1.10365,1.10386,102
1704788100000,1.10386,1.10414,1.10383,1.10412,103
1704788400000,1.10412,1.10446,1.10406,1.10442,104
1704788700000,1.10442,1.10485,1.10433,1.10475,105
1704789000000,1.10475,1.10526,1.10464,1.10511,106
1704789300000,1.10511,1.10569,1.10497,1.10549,107
1704789600000,1.10549,1.10612,1.10533,1.10587,108
1704789900000,1.10587,1.10653,1.10569,1.10626,109
1704790200000,1.10626,1.10693,1.10606,1.10663,110
1704790500000,1.10663,1.10728,1.10641,1.10698,111
1704790800000,1.10698,1.1076,1.10674,1.10731,112
1704791100000,1.10731,1.10787,1.10705,1.10759,113
1704791400000,1.10759,1.10808,1.10732,1.10782,114
1704791700000,1.10782,1.10823,1.10754,1.10801,115
1704792000000,1.10801,1.10831,1.10772,1.10814,116
1704792300000,1.10814,1.10834,1.10785,1.10823,117
1704792600000,1.10823,1.10832,1.10793,1.10826,118
1704792900000,1.10826,1.10826,1.10795,1.10825,119
1704793200000,1.10825,1.1083,1.10789,1.10819,120
1704793500000,1.10819,1.10831,1.10781,1.10811,121
1704793800000,1.10811,1.10828,1.10771,1.108,122
1704794100000,1.108,1.10821,1.10759,1.10787,123
1704794400000,1.10787,1.10812,1.10747,1.10774,124
1704794700000,1.10774,1.10802,1.10735,1.10761,125
1704795000000,1.10761,1.1079,1.10725,1.10749,126
1704795300000,1.10749,1.10779,1.10716,1.10739,127
1704795600000,1.10739,1.10768,1.10711,1.10731,128
1704795900000,1.10731,1.10759,1.10708,1.10726,129
1704796200000,1.10726,1.10751,1.10708,1.10725,130
1704796500000,1.10725,1.10746,1.10711,1.10726,131
1704796800000,1.10726,1.10746,1.10714,1.1073,132
1704797100000,1.1073,1.10747,1.10721,1.10736,133
1704797400000,1.10736,1.10749,1.1073,1.10745,134
1704797700000,1.10745,1.10756,1.10741,1.10754,135
1704798000000,1.10754,1.10771,1.10753,1.10764,136
1704798300000,1.10764,1.10786,1.10762,1.10773,137
1704798600000,1.10773,1.10799,1.10769,1.10781,138
1704798900000,1.10781,1.10809,1.10774,1.10786,139
1704799200000,1.10786,1.10814,1.10776,1.10788,140
1704799500000,1.10788,1.10817,1.10774,1.10786,141
1704799800000,1.10786,1.10816,1.10765,1.1078,142
1704800100000,1.1078,1.1081,1.10752,1.10769,143
1704800400000,1.10769,1.10797,1.10733,1.10752,144
1704800700000,1.10752,1.10779,1.10709,1.1073,145
1704801000000,1.1073,1.10754,1.10681,1.10704,146
1704801300000,1.10704,1.10723,1.10648,1.10673,147
1704801600000,1.10673,1.10687,1.10612,1.10638,148
1704801900000,1.10638,1.10646,1.10572,1.106,149
1704802200000,1.106,1.10602,1.10531,1.10559,100
1704802500000,1.10559,1.10563,1.10489,1.10518,101
1704802800000,1.10518,1.10527,1.10446,1.10476,102
1704803100000,1.10476,1.10491,1.10405,1.10435,103
1704803400000,1.10435,1.10455,1.10366,1.10396,104
1704803700000,1.10396,1.1042,1.1033,1.1036,105
1704804000000,1.1036,1.10387,1.10298,1.10327,106
1704804300000,1.10327,1.10356,1.1027,1.10299,107
1704804600000,1.10299,1.10329,1.10247,1.10275,108
1704804900000,1.10275,1.10305,1.1023,1.10256,109
1704805200000,1.10256,1.10284,1.10217,1.10242,110
1704805500000,1.10242,1.10267,1.10208,1.10232,111
1704805800000,1.10232,1.10254,1.10205,1.10226,112
1704806100000,1.10226,1.10244,1.10205,1.10224,113
1704806400000,1.10224,1.10238,1.10207,1.10225,114
1704806700000,1.10225,1.10235,1.1021,1.10228,115
1704807000000,1.10228,1.10234,1.10216,1.10233,116
1704807300000,1.10233,1.10242,1.10222,1.10237,117
1704807600000,1.10237,1.10252,1.10229,1.10241,118
1704807900000,1.10241,1.1026,1.10236,1.10244,119
1704808200000,1.10244,1.10265,1.10241,1.10244,120
1704808500000,1.10244,1.10269,1.10242,1.10242,121
1704808800000,1.10242,1.1027,1.10234,1.10237,122
1704809100000,1.10237,1.10266,1.10223,1.10229,123
1704809400000,1.10229,1.10259,1.10209,1.10217,124
1704809700000,1.10217,1.10247,1.10192,1.10203,125
1704810000000,1.10203,1.10231,1.10174,1.10187,126
1704810300000,1.10187,1.10212,1.10153,1.10169,127
1704810600000,1.10169,1.1019,1.10132,1.1015,128
1704810900000,1.1015,1.10166,1.1011,1.10131,129
1704811200000,1.10131,1.10141,1.1009,1.10112,130
1704811500000,1.10112,1.10117,1.10072,1.10095,131
1704811800000,1.10095,1.10096,1.10056,1.10082,132
1704812100000,1.10082,1.10088,1.10044,1.10071,133
1704812400000,1.10071,1.10084,1.10037,1.10065,134
1704812700000,1.10065,1.10083,1.10035,1.10064,135
1704813000000,1.10064,1.1009,1.10034,1.10068,136
1704813300000,1.10068,1.10103,1.10038,1.10077,137
1704813600000,1.10077,1.1012,1.10047,1.10092,138
1704813900000,1.10092,1.10142,1.10062,1.10112,139
1704814200000,1.10112,1.10167,1.10083,1.10137,140
1704814500000,1.10137,1.10195,1.10108,1.10166,141
1704814800000,1.10166,1.10226,1.10138,1.10199,142
1704815100000,1.10199,1.10258,1.10172,1.10234,143
1704815400000,1.10234,1.1029,1.10208,1.10271,144
1704815700000,1.10271,1.10322,1.10246,1.10308,145
1704816000000,1.10308,1.10354,1.10285,1.10344,146
1704816300000,1.10344,1.10383,1.10323,1.10379,147
1704816600000,1.10379,1.10415,1.10361,1.10412,148
1704816900000,1.10412,1.1045,1.10395,1.10441,149
1704817200000,1.10441,1.10481,1.10427,1.10467,100
1704817500000,1.10467,1.10508,1.10455,1.10489,101
1704817800000,1.10489,1.10529,1.10479,1.10506,102
1704818100000,1.10506,1.10545,1.10499,1.10519,103
1704818400000,1.10519,1.10556,1.10515,1.10528,104
1704818700000,1.10528,1.10563,1.10526,1.10533,105
1704819000000,1.10533,1.10564,1.10531,1.10535,106
1704819300000,1.10535,1.10563,1.1053,1.10534,107
1704819600000,1.10534,1.1056,1.10525,1.10532,108
1704819900000,1.10532,1.10555,1.1052,1.1053,109
1704820200000,1.1053,1.10548,1.10515,1.10528,110
1704820500000,1.10528,1.10541,1.10512,1.10526,111
1704820800000,1.10526,1.10534,1.10509,1.10527,112
1704821100000,1.10527,1.10531,1.10508,1.1053,113
1704821400000,1.1053,1.1054,1.10509,1.10536,114
1704821700000,1.10536,1.10555,1.10513,1.10545,115
1704822000000,1.10545,1.10573,1.1052,1.10558,116
1704822300000,1.10558,1.10594,1.10532,1.10573,117
1704822600000,1.10573,1.10617,1.10546,1.10592,118
1704822900000,1.10592,1.10641,1.10564,1.10614,119
1704823200000,1.10614,1.10666,1.10585,1.10637,120
1704823500000,1.10637,1.10691,1.10607,1.10661,121
1704823800000,1.10661,1.10715,1.10631,1.10685,122
1704824100000,1.10685,1.10737,1.10655,1.10709,123
1704824400000,1.10709,1.10756,1.10679,1.10731,124
1704824700000,1.10731,1.10771,1.10701,1.1075,125
1704825000000,1.1075,1.10782,1.10721,1.10765,126
1704825300000,1.10765,1.10788,1.10737,1.10776,127
1704825600000,1.10776,1.10788,1.10749,1.10782,128
1704825900000,1.10782,1.10783,1.10757,1.10783,129
1704826200000,1.10783,1.10789,1.10754,1.10778,130
1704826500000,1.10778,1.1079,1.10745,1.10767,131
1704826800000,1.10767,1.10784,1.10732,1.10752,132
1704827100000,1.10752,1.10773,1.10713,1.10731,133
1704827400000,1.10731,1.10756,1.1069,1.10706,134
1704827700000,1.10706,1.10734,1.10664,1.10677,135
1704828000000,1.10677,1.10707,1.10635,1.10646,136
1704828300000,1.10646,1.10676,1.10605,1.10613,137
1704828600000,1.10613,1.10642,1.10575,1.1058,138
1704828900000,1.1058,1.10607,1.10544,1.10547,139
1704829200000,1.10547,1.10571,1.10515,1.10515,140
1704829500000,1.10515,1.10535,1.10483,1.10486,141
1704829800000,1.10486,1.10501,1.10454,1.10459,142
1704830100000,1.10459,1.10469,1.10428,1.10436,143
1704830400000,1.10436,1.10441,1.10407,1.10417,144
1704830700000,1.10417,1.10419,1.10389,1.10402,145
1704831000000,1.10402,1.1041,1.10375,1.10391,146
1704831300000,1.10391,1.10404,1.10366,1.10384,147
1704831600000,1.10384,1.10402,1.1036,1.1038,148
1704831900000,1.1038,1.10402,1.10356,1.10378,149
1704832200000,1.10378,1.10405,1.10354,1.10379,100
1704832500000,1.10379,1.10409,1.10353,1.1038,101
1704832800000,1.1038,1.10412,1.10354,1.10382,102
1704833100000,1.10382,1.10413,1.10354,1.10383,103
1704833400000,1.10383,1.10412,1.10355,1.10383,104
1704833700000,1.10383,1.1041,1.10351,1.10381,105
1704834000000,1.10381,1.10404,1.10346,1.10376,106
1704834300000,1.10376,1.10395,1.10337,1.10367,107
1704834600000,1.10367,1.10381,1.10325,1.10355,108
1704834900000,1.10355,1.10364,1.1031,1.1034,109
1704835200000,1.1034,1.10342,1.10292,1.10321,110
1704835500000,1.10321,1.10324,1.1027,1.10299,111
1704835800000,1.10299,1.10308,1.10247,1.10274,112
1704836100000,1.10274,1.10289,1.10221,1.10247,113
1704836400000,1.10247,1.10267,1.10195,1.1022,114
1704836700000,1.1022,1.10244,1.10169,1.10192,115
1704837000000,1.10192,1.10219,1.10144,1.10165,116
1704837300000,1.10165,1.10194,1.10121,1.1014,117
1704837600000,1.1014,1.1017,1.10101,1.10118,118
1704837900000,1.10118,1.10147,1.10085,1.10099,119
1704838200000,1.10099,1.10127,1.10073,1.10085,120
1704838500000,1.10085,1.10111,1.10067,1.10076,121
1704838800000,1.10076,1.10098,1.10066,1.10073,122
1704839100000,1.10073,1.10092,1.10069,1.10075,123
1704839400000,1.10075,1.10095,1.10073,1.10083,124
1704839700000,1.10083,1.10103,1.10082,1.10096,125
1704840000000,1.10096,1.10115,1.10092,1.10114,126
1704840300000,1.10114,1.10143,1.10108,1.10137,127
1704840600000,1.10137,1.10175,1.10128,1.10164,128
1704840900000,1.10164,1.10209,1.10152,1.10193,129
1704841200000,1.10193,1.10245,1.10178,1.10224,130
1704841500000,1.10224,1.1028,1.10207,1.10255,131
1704841800000,1.10255,1.10315,1.10237,1.10287,132
1704842100000,1.10287,1.10347,1.10266,1.10317,133
1704842400000,1.10317,1.10376,1.10295,1.10346,134
1704842700000,1.10346,1.10401,1.10321,1.10371,135
1704843000000,1.10371,1.10421,1.10345,1.10394,136
1704843300000,1.10394,1.10438,1.10367,1.10413,137
1704843600000,1.10413,1.10449,1.10385,1.10428,138
1704843900000,1.10428,1.10456,1.10399,1.1044,139
1704844200000,1.1044,1.10459,1.10411,1.10449,140
1704844500000,1.10449,1.10459,1.10419,1.10455,141
1704844800000,1.10455,1.10459,1.10425,1.10458,142
1704845100000,1.10458,1.10467,1.10428,1.1046,143
1704845400000,1.1046,1.10475,1.10431,1.10462,144
1704845700000,1.10462,1.10482,1.10433,1.10464,145
1704846000000,1.10464,1.10489,1.10436,1.10467,146
1704846300000,1.10467,1.10497,1.1044,1.10472,147
1704846600000,1.10472,1.10507,1.10446,1.10479,148
1704846900000,1.10479,1.1052,1.10455,1.1049,149
1704847200000,1.1049,1.10534,1.10468,1.10504,100
1704847500000,1.10504,1.10552,1.10484,1.10523,101
1704847800000,1.10523,1.10572,1.10505,1.10545,102
1704848100000,1.10545,1.10595,1.10529,1.10571,103
1704848400000,1.10571,1.1062,1.10558,1.10601,104
1704848700000,1.10601,1.10648,1.1059,1.10633,105
1704849000000,1.10633,1.10677,1.10625,1.10668,106
1704849300000,1.10668,1.10707,1.10662,1.10704,107
1704849600000,1.10704,1.10742,1.10701,1.10739,108
1704849900000,1.10739,1.10783,1.10739,1.10775,109
1704850200000,1.10775,1.10822,1.10772,1.10808,110
1704850500000,1.10808,1.10858,1.10803,1.10839,111
1704850800000,1.10839,1.10889,1.10831,1.10866,112
1704851100000,1.10866,1.10915,1.10855,1.10888,113
1704851400000,1.10888,1.10935,1.10875,1.10906,114
1704851700000,1.10906,1.10948,1.1089,1.10918,115
1704852000000,1.10918,1.10954,1.109,1.10924,116
1704852300000,1.10924,1.10953,1.10904,1.10925,117
1704852600000,1.10925,1.10951,1.10898,1.1092,118
1704852900000,1.1092,1.10943,1.10887,1.10911,119
1704853200000,1.10911,1.10929,1.10871,1.10896,120
1704853500000,1.10896,1.10909,1.10852,1.10879,121
1704853800000,1.10879,1.10886,1.1083,1.10858,122
1704854100000,1.10858,1.10859,1.10807,1.10836,123
1704854400000,1.10836,1.1084,1.10783,1.10813,124
1704854700000,1.10813,1.10823,1.1076,1.10789,125
1704855000000,1.10789,1.10805,1.10737,1.10767,126
1704855300000,1.10767,1.10788,1.10717,1.10747,127
1704855600000,1.10747,1.10771,1.10699,1.10729,128
1704855900000,1.10729,1.10757,1.10685,1.10714,129
1704856200000,1.10714,1.10743,1.10674,1.10702,130
1704856500000,1.10702,1.10732,1.10666,1.10694,131
1704856800000,1.10694,1.10723,1.10662,1.10688,132
1704857100000,1.10688,1.10716,1.10661,1.10686,133
1704857400000,1.10686,1.10711,1.10663,1.10686,134
1704857700000,1.10686,1.10708,1.10665,1.10687,135
1704858000000,1.10687,1.10706,1.10668,1.1069,136
1704858300000,1.1069,1.10703,1.10673,1.10692,137
1704858600000,1.10692,1.10699,1.10677,1.10694,138
1704858900000,1.10694,1.10694,1.10681,1.10693,139
1704859200000,1.10693,1.107,1.10681,1.10691,140
1704859500000,1.10691,1.10703,1.10678,1.10685,141
1704859800000,1.10685,1.10702,1.10671,1.10675,142
1704860100000,1.10675,1.10697,1.1066,1.10661,143
1704860400000,1.10661,1.10687,1.10642,1.10643,144
1704860700000,1.10643,1.10671,1.10617,1.1062,145
1704861000000,1.1062,1.1065,1.10587,1.10593,146
1704861300000,1.10593,1.10623,1.10553,1.10562,147
1704861600000,1.10562,1.10592,1.10517,1.10528,148
1704861900000,1.10528,1.10556,1.10478,1.10492,149
1704862200000,1.10492,1.10516,1.10438,1.10454,100
1704862500000,1.10454,1.10474,1.10397,1.10415,101
1704862800000,1.10415,1.1043,1.10357,1.10377,102
1704863100000,1.10377,1.10387,1.10318,1.10341,103
1704863400000,1.10341,1.10344,1.10282,1.10306,104
1704863700000,1.10306,1.10309,1.1025,1.10276,105
1704864000000,1.10276,1.10284,1.10222,1.10249,106
1704864300000,1.10249,1.10263,1.10199,1.10227,107
1704864600000,1.10227,1.10246,1.10182,1.10211,108
1704864900000,1.10211,1.10234,1.1017,1.10199,109
1704865200000,1.10199,1.10226,1.10164,1.10194,110
1704865500000,1.10194,1.10222,1.10163,1.10193,111
1704865800000,1.10193,1.10227,1.10163,1.10197,112
1704866100000,1.10197,1.10235,1.10167,1.10205,113
1704866400000,1.10205,1.10245,1.10176,1.10217,114
1704866700000,1.10217,1.10257,1.10189,1.10231,115
1704867000000,1.10231,1.1027,1.10204,1.10247,116
1704867300000,1.10247,1.10282,1.10221,1.10263,117
1704867600000,1.10263,1.10293,1.10239,1.10279,118
1704867900000,1.10279,1.10302,1.10257,1.10294,119
1704868200000,1.10294,1.1031,1.10274,1.10308,120
1704868500000,1.10308,1.10322,1.10289,1.10318,121
1704868800000,1.10318,1.10336,1.10302,1.10326,122
1704869100000,1.10326,1.10346,1.10313,1.10331,123
1704869400000,1.10331,1.10353,1.1032,1.10333,124
1704869700000,1.10333,1.10357,1.10323,1.10331,125
1704870000000,1.10331,1.10358,1.10321,1.10327,126
1704870300000,1.10327,1.10356,1.10318,1.10321,127
1704870600000,1.10321,1.10351,1.10313,1.10314,128
1704870900000,1.10314,1.10343,1.10304,1.10306,129
1704871200000,1.10306,1.10334,1.10293,1.10298,130
1704871500000,1.10298,1.10323,1.10284,1.10291,131
1704871800000,1.10291,1.10313,1.10277,1.10287,132
1704872100000,1.10287,1.10304,1.10273,1.10286,133
1704872400000,1.10286,1.103,1.1027,1.10288,134
1704872700000,1.10288,1.103,1.1027,1.10294,135
1704873000000,1.10294,1.10305,1.10274,1.10305,136
1704873300000,1.10305,1.10326,1.10283,1.1032,137
1704873600000,1.1032,1.10352,1.10297,1.10341,138
1704873900000,1.10341,1.10382,1.10316,1.10366,139
1704874200000,1.10366,1.10416,1.10339,1.10395,140
1704874500000,1.10395,1.10452,1.10367,1.10427,141
1704874800000,1.10427,1.1049,1.10399,1.10462,142
1704875100000,1.10462,1.10529,1.10433,1.10499,143
1704875400000,1.10499,1.10567,1.1047,1.10537,144
1704875700000,1.10537,1.10604,1.10507,1.10575,145
1704876000000,1.10575,1.10638,1.10545,1.10611,146
1704876300000,1.10611,1.10669,1.10581,1.10645,147
1704876600000,1.10645,1.10696,1.10616,1.10676,148
1704876900000,1.10676,1.10718,1.10647,1.10702,149
1704877200000,1.10702,1.10735,1.10675,1.10725,100
1704877500000,1.10725,1.10747,1.10698,1.10742,101
1704877800000,1.10742,1.10756,1.10717,1.10754,102
1704878100000,1.10754,1.10769,1.10731,1.10761,103
1704878400000,1.10761,1.10776,1.1074,1.10763,104
1704878700000,1.10763,1.10781,1.10742,1.10761,105
1704879000000,1.10761,1.10783,1.10737,1.10755,106
1704879300000,1.10755,1.10781,1.1073,1.10745,107
1704879600000,1.10745,1.10774,1.10721,1.10734,108
1704879900000,1.10734,1.10763,1.1071,1.1072,109
1704880200000,1.1072,1.1075,1.10699,1.10707,110
1704880500000,1.10707,1.10736,1.10689,1.10694,111
1704880800000,1.10694,1.1072,1.1068,1.10682,112
1704881100000,1.10682,1.10705,1.10671,1.10672,113
1704881400000,1.10672,1.10691,1.10661,1.10664,114
1704881700000,1.10664,1.10678,1.10653,1.10659,115
1704882000000,1.10659,1.10668,1.10649,1.10658,116
1704882300000,1.10658,1.10662,1.10647,1.10659,117
1704882600000,1.10659,1.10667,1.10646,1.10664,118
1704882900000,1.10664,1.10679,1.10647,1.1067,119
1704883200000,1.1067,1.10693,1.10652,1.10679,120
1704883500000,1.10679,1.10708,1.10658,1.10688,121
1704883800000,1.10688,1.10722,1.10666,1.10698,122
1704884100000,1.10698,1.10734,1.10674,1.10708,123
1704884400000,1.10708,1.10744,1.10682,1.10715,124
1704884700000,1.10715,1.1075,1.10688,1.10721,125
1704885000000,1.10721,1.10752,1.10693,1.10722,126
1704885300000,1.10722,1.10751,1.10692,1.1072,127
1704885600000,1.1072,1.10746,1.10684,1.10714,128
1704885900000,1.10714,1.10736,1.10672,1.10702,129
1704886200000,1.10702,1.1072,1.10656,1.10686,130
1704886500000,1.10686,1.10698,1.10634,1.10664,131
1704886800000,1.10664,1.10671,1.10608,1.10637,132
1704887100000,1.10637,1.10638,1.10577,1.10606,133
1704887400000,1.10606,1.10611,1.10543,1.10571,134
1704887700000,1.10571,1.10582,1.10507,1.10534,135
1704888000000,1.10534,1.1055,1.10468,1.10494,136
1704888300000,1.10494,1.10515,1.10429,1.10453,137
1704888600000,1.10453,1.10478,1.1039,1.10412,138
1704888900000,1.10412,1.1044,1.10352,1.10372,139
1704889200000,1.10372,1.10402,1.10316,1.10334,140
1704889500000,1.10334,1.10364,1.10283,1.10299,141
1704889800000,1.10299,1.10329,1.10254,1.10268,142
1704890100000,1.10268,1.10296,1.1023,1.10241,143
1704890400000,1.10241,1.10266,1.1021,1.10219,144
1704890700000,1.10219,1.1024,1.10195,1.10201,145
1704891000000,1.10201,1.10218,1.10185,1.10188,146
1704891300000,1.10188,1.102,1.10179,1.1018,147
1704891600000,1.1018,1.10186,1.10175,1.10176,148
1704891900000,1.10176,1.10177,1.10171,1.10176,149
1704892200000,1.10176,1.10185,1.10169,1.10178,100
1704892500000,1.10178,1.10195,1.10168,1.10183,101
1704892800000,1.10183,1.10206,1.1017,1.10188,102
1704893100000,1.10188,1.10216,1.10173,1.10194,103
1704893400000,1.10194,1.10225,1.10177,1.10199,104
1704893700000,1.10199,1.10231,1.1018,1.10203,105
1704894000000,1.10203,1.10234,1.10181,1.10204,106
1704894300000,1.10204,1.10234,1.1018,1.10203,107
1704894600000,1.10203,1.10232,1.10174,1.10199,108
1704894900000,1.10199,1.10226,1.10166,1.10192,109
1704895200000,1.10192,1.10216,1.10154,1.10182,110
1704895500000,1.10182,1.10202,1.10141,1.10169,111
1704895800000,1.10169,1.10184,1.10125,1.10154,112
1704896100000,1.10154,1.10163,1.10107,1.10137,113
1704896400000,1.10137,1.10141,1.10089,1.10119,114
1704896700000,1.10119,1.10122,1.10072,1.10102,115
1704897000000,1.10102,1.1011,1.10055,1.10085,116
1704897300000,1.10085,1.10099,1.10041,1.1007,117
1704897600000,1.1007,1.10089,1.1003,1.10058,118
1704897900000,1.10058,1.10081,1.10022,1.1005,119
1704898200000,1.1005,1.10076,1.10019,1.10046,120
1704898500000,1.10046,1.10075,1.10021,1.10047,121
1704898800000,1.10047,1.10083,1.10023,1.10053,122
1704899100000,1.10053,1.10094,1.10031,1.10065,123
1704899400000,1.10065,1.1011,1.10045,1.10082,124
1704899700000,1.10082,1.1013,1.10064,1.10104,125
1704900000000,1.10104,1.10154,1.10089,1.10131,126
1704900300000,1.10131,1.10181,1.10118,1.10163,127
1704900600000,1.10163,1.10211,1.10152,1.10197,128
1704900900000,1.10197,1.10242,1.10189,1.10234,129
1704901200000,1.10234,1.10274,1.10229,1.10273,130
1704901500000,1.10273,1.10315,1.1027,1.10311,131
1704901800000,1.10311,1.10359,1.10311,1.10349,132
1704902100000,1.10349,1.10401,1.10346,1.10386,133
1704902400000,1.10386,1.1044,1.1038,1.1042,134
1704902700000,1.1042,1.10475,1.10411,1.10451,135
1704903000000,1.10451,1.10505,1.1044,1.10477,136
1704903300000,1.10477,1.10529,1.10464,1.105,137
1704903600000,1.105,1.10549,1.10484,1.10519,138
1704903900000,1.10519,1.10562,1.105,1.10533,139
1704904200000,1.10533,1.10571,1.10512,1.10543,140
1704904500000,1.10543,1.10574,1.1052,1.10549,141
1704904800000,1.10549,1.10574,1.10525,1.10552,142
1704905100000,1.10552,1.1057,1.10527,1.10553,143
1704905400000,1.10553,1.10565,1.10526,1.10553,144
1704905700000,1.10553,1.10559,1.10524,1.10552,145
1704906000000,1.10552,1.10552,1.10523,1.10551,146
1704906300000,1.10551,1.10558,1.10522,1.10552,147
1704906600000,1.10552,1.10566,1.10522,1.10554,148
1704906900000,1.10554,1.10576,1.10524,1.10559,149
1704907200000,1.10559,1.10588,1.10529,1.10567,100
1704907500000,1.10567,1.10603,1.10537,1.10578,101
1704907800000,1.10578,1.1062,1.10549,1.10592,102
1704908100000,1.10592,1.1064,1.10564,1.1061,103
1704908400000,1.1061,1.10661,1.10583,1.10631,104
1704908700000,1.10631,1.10683,1.10605,1.10654,105
1704909000000,1.10654,1.10706,1.10629,1.10678,106
1704909300000,1.10678,1.10728,1.10656,1.10704,107
1704909600000,1.10704,1.1075,1.10683,1.1073,108
1704909900000,1.1073,1.1077,1.10711,1.10754,109
1704910200000,1.10754,1.10787,1.10738,1.10777,110
1704910500000,1.10777,1.10801,1.10763,1.10797,111
1704910800000,1.10797,1.10815,1.10785,1.10813,112
1704911100000,1.10813,1.10832,1.10804,1.10825,113
1704911400000,1.10825,1.10844,1.10818,1.10831,114
1704911700000,1.10831,1.10851,1.10827,1.10832,115
1704912000000,1.10832,1.10855,1.10827,1.10828,116
1704912300000,1.10828,1.10854,1.10816,1.10818,117
1704912600000,1.10818,1.10846,1.10798,1.10802,118
1704912900000,1.10802,1.10832,1.10775,1.10782,119
1704913200000,1.10782,1.10812,1.10748,1.10758,120
1704913500000,1.10758,1.10787,1.10718,1.1073,121
1704913800000,1.1073,1.10756,1.10685,1.10699,122
1704914100000,1.10699,1.10723,1.1065,1.10667,123
1704914400000,1.10667,1.10686,1.10616,1.10635,124
1704914700000,1.10635,1.10649,1.10582,1.10603,125
1704915000000,1.10603,1.10611,1.10549,1.10572,126
1704915300000,1.10572,1.10575,1.10519,1.10544,127
1704915600000,1.10544,1.10547,1.10492,1.10518,128
1704915900000,1.10518,1.10527,1.10469,1.10496,129
1704916200000,1.10496,1.10511,1.1045,1.10478,130
1704916500000,1.10478,1.10498,1.10435,1.10464,131
1704916800000,1.10464,1.10488,1.10424,1.10454,132
1704917100000,1.10454,1.10481,1.10417,1.10447,133
1704917400000,1.10447,1.10476,1.10414,1.10444,134
1704917700000,1.10444,1.10474,1.10413,1.10443,135
1704918000000,1.10443,1.10474,1.10414,1.10444,136
1704918300000,1.10444,1.10475,1.10416,1.10446,137
1704918600000,1.10446,1.10474,1.10419,1.10448,138
1704918900000,1.10448,1.10472,1.10422,1.1045,139
1704919200000,1.1045,1.10468,1.10424,1.1045,140
1704919500000,1.1045,1.10462,1.10424,1.10447,141
1704919800000,1.10447,1.10454,1.1042,1.10442,142
1704920100000,1.10442,1.10443,1.10413,1.10433,143
1704920400000,1.10433,1.10438,1.10403,1.10421,144
1704920700000,1.10421,1.10432,1.10389,1.10405,145
1704921000000,1.10405,1.10421,1.10372,1.10385,146
1704921300000,1.10385,1.10406,1.10352,1.10363,147
1704921600000,1.10363,1.10388,1.1033,1.10338,148
1704921900000,1.10338,1.10365,1.10305,1.10311,149
1704922200000,1.10311,1.1034,1.1028,1.10283,100
1704922500000,1.10283,1.10313,1.10255,1.10255,101
1704922800000,1.10255,1.10284,1.10225,1.10228,102
1704923100000,1.10228,1.10255,1.10197,1.10203,103
1704923400000,1.10203,1.10227,1.10172,1.1018,104
1704923700000,1.1018,1.10201,1.10151,1.10162,105
1704924000000,1.10162,1.10178,1.10135,1.10148,106
1704924300000,1.10148,1.10159,1.10124,1.10139,107
1704924600000,1.10139,1.10144,1.10118,1.10136,108
1704924900000,1.10136,1.10139,1.10116,1.10138,109
1704925200000,1.10138,1.10153,1.10116,1.10146,110
1704925500000,1.10146,1.10172,1.10122,1.10159,111
1704925800000,1.10159,1.10195,1.10134,1.10177,112
1704926100000,1.10177,1.10222,1.10151,1.102,113
1704926400000,1.102,1.10252,1.10172,1.10226,114
1704926700000,1.10226,1.10283,1.10197,1.10254,115
1704927000000,1.10254,1.10314,1.10225,1.10285,116
1704927300000,1.10285,1.10345,1.10255,1.10315,117
1704927600000,1.10315,1.10375,1.10285,1.10346,118
1704927900000,1.10346,1.10402,1.10316,1.10375,119
1704928200000,1.10375,1.10426,1.10346,1.10402,120
1704928500000,1.10402,1.10446,1.10373,1.10427,121
1704928800000,1.10427,1.10462,1.10398,1.10448,122
1704929100000,1.10448,1.10475,1.10421,1.10465,123
1704929400000,1.10465,1.10483,1.10439,1.10479,124
1704929700000,1.10479,1.10492,1.10455,1.10489,125
1704930000000,1.10489,1.10505,1.10467,1.10497,126
1704930300000,1.10497,1.10515,1.10475,1.10501,127
1704930600000,1.10501,1.10522,1.10482,1.10503,128
1704930900000,1.10503,1.10527,1.10486,1.10504,129
1704931200000,1.10504,1.10531,1.10489,1.10504,130
1704931500000,1.10504,1.10533,1.10492,1.10505,131
1704931800000,1.10505,1.10536,1.10495,1.10506,132
1704932100000,1.10506,1.1054,1.10499,1.1051,133
1704932400000,1.1051,1.10545,1.10506,1.10517,134
1704932700000,1.10517,1.10553,1.10515,1.10526,135
1704933000000,1.10526,1.10563,1.10525,1.1054,136
1704933300000,1.1054,1.10576,1.10536,1.10557,137
1704933600000,1.10557,1.10592,1.10551,1.10579,138
1704933900000,1.10579,1.10611,1.1057,1.10604,139
1704934200000,1.10604,1.10634,1.10592,1.10632,140
1704934500000,1.10632,1.10668,1.10618,1.10663,141
1704934800000,1.10663,1.10707,1.10647,1.10697,142
1704935100000,1.10697,1.10746,1.10678,1.10731,143
1704935400000,1.10731,1.10785,1.1071,1.10765,144
1704935700000,1.10765,1.10823,1.10742,1.10798,145
1704936000000,1.10798,1.10857,1.10774,1.1083,146
1704936300000,1.1083,1.10888,1.10804,1.10859,147
1704936600000,1.10859,1.10913,1.10831,1.10883,148
1704936900000,1.10883,1.10933,1.10855,1.10904,149
1704937200000,1.10904,1.10947,1.10875,1.10919,100
1704937500000,1.10919,1.10954,1.1089,1.10929,101
1704937800000,1.10929,1.10954,1.10899,1.10933,102
1704938100000,1.10933,1.1095,1.10901,1.10931,103
1704938400000,1.10931,1.10943,1.10895,1.10924,104
1704938700000,1.10924,1.1093,1.10883,1.10913,105
1704939000000,1.10913,1.10913,1.10868,1.10896,106
1704939300000,1.10896,1.10902,1.10849,1.10876,107
1704939600000,1.10876,1.10888,1.10827,1.10854,108
1704939900000,1.10854,1.10871,1.10804,1.1083,109
1704940200000,1.1083,1.10851,1.10781,1.10805,110
1704940500000,1.10805,1.1083,1.10758,1.1078,111
1704940800000,1.1078,1.10808,1.10736,1.10757,112
1704941100000,1.10757,1.10786,1.10717,1.10735,113
1704941400000,1.10735,1.10765,1.107,1.10716,114
1704941700000,1.10716,1.10745,1.10686,1.10699,115
1704942000000,1.10699,1.10727,1.10675,1.10686,116
1704942300000,1.10686,1.1071,1.10668,1.10677,117
1704942600000,1.10677,1.10697,1.10664,1.1067,118
1704942900000,1.1067,1.10685,1.10663,1.10666,119
1704943200000,1.10666,1.10676,1.10664,1.10665,120
1704943500000,1.10665,1.10669,1.10662,1.10665,121
1704943800000,1.10665,1.10667,1.10659,1.10665,122
1704944100000,1.10665,1.10674,1.10658,1.10666,123
1704944400000,1.10666,1.1068,1.10656,1.10666,124
1704944700000,1.10666,1.10685,1.10651,1.10664,125
1704945000000,1.10664,1.10687,1.10644,1.1066,126
1704945300000,1.1066,1.10686,1.10634,1.10652,127
1704945600000,1.10652,1.10681,1.10621,1.1064,128
1704945900000,1.1064,1.1067,1.10603,1.10624,129
1704946200000,1.10624,1.10654,1.10581,1.10604,130
1704946500000,1.10604,1.10633,1.10554,1.1058,131
1704946800000,1.1058,1.10606,1.10524,1.10551,132
1704947100000,1.10551,1.10574,1.10491,1.10518,133
1704947400000,1.10518,1.10537,1.10454,1.10483,134
1704947700000,1.10483,1.10496,1.10415,1.10445,135
1704948000000,1.10445,1.10453,1.10375,1.10405,136
1704948300000,1.10405,1.10407,1.10335,1.10365,137
1704948600000,1.10365,1.10369,1.10296,1.10326,138
1704948900000,1.10326,1.10336,1.10259,1.10289,139
1704949200000,1.10289,1.10303,1.10224,1.10254,140
1704949500000,1.10254,1.10273,1.10194,1.10222,141
1704949800000,1.10222,1.10246,1.10168,1.10195,142
1704950100000,1.10195,1.10222,1.10147,1.10173,143
1704950400000,1.10173,1.10202,1.10131,1.10156,144
1704950700000,1.10156,1.10186,1.10121,1.10144,145
1704951000000,1.10144,1.10174,1.10117,1.10138,146
1704951300000,1.10138,1.10166,1.10118,1.10137,147
1704951600000,1.10137,1.10166,1.1012,1.1014,148
1704951900000,1.1014,1.1017,1.10126,1.10148,149
1704952200000,1.10148,1.10177,1.10136,1.10159,100
1704952500000,1.10159,1.10185,1.1015,1.10173,101
1704952800000,1.10173,1.10195,1.10166,1.10188,102
1704953100000,1.10188,1.10205,1.10184,1.10204,103
1704953400000,1.10204,1.10225,1.10202,1.10219,104
1704953700000,1.10219,1.10245,1.10218,1.10234,105
1704954000000,1.10234,1.10262,1.1023,1.10246,106
1704954300000,1.10246,1.10277,1.1024,1.10256,107
1704954600000,1.10256,1.10288,1.10247,1.10263,108
1704954900000,1.10263,1.10295,1.10251,1.10267,109
1704955200000,1.10267,1.10297,1.10253,1.10268,110
1704955500000,1.10268,1.10298,1.10249,1.10266,111
1704955800000,1.10266,1.10295,1.10242,1.10261,112
1704956100000,1.10261,1.10288,1.10234,1.10254,113
1704956400000,1.10254,1.10279,1.10224,1.10247,114
1704956700000,1.10247,1.10267,1.10214,1.10238,115
1704957000000,1.10238,1.10254,1.10205,1.10231,116
1704957300000,1.10231,1.10241,1.10197,1.10224,117
1704957600000,1.10224,1.10229,1.10192,1.1022,118
1704957900000,1.1022,1.10221,1.1019,1.10219,119
1704958200000,1.10219,1.10228,1.10189,1.10221,120
1704958500000,1.10221,1.10241,1.10191,1.10228,121
1704958800000,1.10228,1.10257,1.10198,1.10239,122
1704959100000,1.10239,1.10278,1.1021,1.10256,123
1704959400000,1.10256,1.10303,1.10226,1.10277,124
1704959700000,1.10277,1.10331,1.10248,1.10302,125
1704960000000,1.10302,1.10362,1.10274,1.10332,126
1704960300000,1.10332,1.10395,1.10305,1.10365,127
1704960600000,1.10365,1.1043,1.1034,1.10401,128
1704960900000,1.10401,1.10465,1.10377,1.10438,129
1704961200000,1.10438,1.105,1.10416,1.10477,130
1704961500000,1.10477,1.10534,1.10456,1.10515,131
1704961800000,1.10515,1.10565,1.10496,1.10551,132
1704962100000,1.10551,1.10594,1.10535,1.10585,133
1704962400000,1.10585,1.10619,1.10571,1.10616,134
1704962700000,1.10616,1.10646,1.10605,1.10643,135
1704963000000,1.10643,1.10674,1.10634,1.10665,136
1704963300000,1.10665,1.10697,1.10659,1.10683,137
1704963600000,1.10683,1.10714,1.10679,1.10695,138
1704963900000,1.10695,1.10726,1.10694,1.10702,139
1704964200000,1.10702,1.10731,1.107,1.10705,140
1704964500000,1.10705,1.10734,1.10698,1.10703,141
1704964800000,1.10703,1.10733,1.10689,1.10697,142
1704965100000,1.10697,1.10727,1.10678,1.10688,143
1704965400000,1.10688,1.10716,1.10664,1.10677,144
1704965700000,1.10677,1.10703,1.1065,1.10665,145
1704966000000,1.10665,1.10687,1.10635,1.10652,146
1704966300000,1.10652,1.1067,1.1062,1.1064,147
1704966600000,1.1064,1.10653,1.10608,1.10629,148
1704966900000,1.10629,1.10637,1.10597,1.10621,149
